แผนก,หมายเลขเครื่อง,ปัญหา,ระยะเวลาในใช้น้ำยา /แบต (วัน),วันที่,Predicted Maintenance Duration (days),Predicted next date
KIDNEY(ศูนย์โรคไต),1472,แบตเตอร์รี่หมด,157,2024-01-08,158,2024-06-14
KIDNEY(ศูนย์โรคไต),1473,แบตเตอร์รี่หมด,153,2024-01-08,158,2024-06-14
KIDNEY(ศูนย์โรคไต),1470,แบตเตอร์รี่หมด,146,2024-01-08,158,2024-06-14
KIDNEY(ศูนย์โรคไต),1471,แบตเตอร์รี่หมด,156,2024-01-08,158,2024-06-14
KIDNEY(ศูนย์โรคไต),1461,แบตเตอร์รี่หมด,158,2024-01-09,158,2024-06-15
KIDNEY(ศูนย์โรคไต),1460,แบตเตอร์รี่หมด,189,2024-01-09,158,2024-06-15
KIDNEY(ศูนย์โรคไต),1469,แบตเตอร์รี่หมด,125,2024-01-09,158,2024-06-15
KIDNEY(ศูนย์โรคไต),1468,แบตเตอร์รี่หมด,125,2024-01-09,158,2024-06-15
KIDNEY(ศูนย์โรคไต),1467,แบตเตอร์รี่หมด,196,2024-01-09,158,2024-06-15
KIDNEY(ศูนย์โรคไต),1466,แบตเตอร์รี่หมด,169,2024-01-09,158,2024-06-15
KIDNEY(ศูนย์โรคไต),1465,แบตเตอร์รี่หมด,134,2024-01-09,158,2024-06-15
KIDNEY(ศูนย์โรคไต),1464,แบตเตอร์รี่หมด,156,2024-01-09,158,2024-06-15
KIDNEY(ศูนย์โรคไต),1463,แบตเตอร์รี่หมด,199,2024-01-09,158,2024-06-15
KIDNEY(ศูนย์โรคไต),1462,แบตเตอร์รี่หมด,174,2024-01-09,158,2024-06-15
MRI-D,1511,น้ำยาหมด,63,2024-01-29,42,2024-03-11
MRI-D,1512,น้ำยาหมด,43,2024-01-29,42,2024-03-11
MRI-D,1513,น้ำยาหมด,44,2024-01-29,43,2024-03-12
MRI-R,1514,น้ำยาหมด,52,2024-01-29,48,2024-03-17
MRI-R,1515,น้ำยาหมด,63,2024-01-29,51,2024-03-20
MRI-R,1516,น้ำยาหมด,45,2024-01-29,42,2024-03-11
MRI-R,1517,น้ำยาหมด,45,2024-01-29,47,2024-03-16
MRI-R,1518,น้ำยาหมด,67,2024-01-29,62,2024-03-31
MRI-D,1505,น้ำยาหมด,40,2024-01-30,42,2024-03-12
MRI-D,1510,น้ำยาหมด,52,2024-01-30,42,2024-03-12
MRI-D,1507,น้ำยาหมด,42,2024-01-30,42,2024-03-12
MRI-D,1506,น้ำยาหมด,25,2024-01-30,40,2024-03-10
MRI-D,1504,น้ำยาหมด,36,2024-01-30,42,2024-03-12
MRI-D,1503,น้ำยาหมด,35,2024-01-30,42,2024-03-12
MRI-D,1502,น้ำยาหมด,25,2024-01-30,42,2024-03-12
MRI-D,1501,น้ำยาหมด,40,2024-01-30,42,2024-03-12
MRI-D,1509,น้ำยาหมด,44,2024-01-30,42,2024-03-12
MRI-D,1508,น้ำยาหมด,43,2024-01-30,42,2024-03-12
MRI-D,1500,น้ำยาหมด,30,2024-01-31,42,2024-03-13
MRI-D,1499,น้ำยาหมด,28,2024-01-31,42,2024-03-13
KIDNEY(ศูนย์โรคไต),1492,น้ำยาหมด,43,2024-02-15,46,2024-04-01
KIDNEY(ศูนย์โรคไต),1493,น้ำยาหมด,44,2024-02-15,46,2024-04-01
KIDNEY(ศูนย์โรคไต),1490,น้ำยาหมด,52,2024-02-15,46,2024-04-01
KIDNEY(ศูนย์โรคไต),1491,น้ำยาหมด,63,2024-02-15,46,2024-04-01
KIDNEY(ศูนย์โรคไต),1488,น้ำยาหมด,43,2024-02-15,46,2024-04-01
KIDNEY(ศูนย์โรคไต),1487,น้ำยาหมด,42,2024-02-15,46,2024-04-01
KIDNEY(ศูนย์โรคไต),1486,น้ำยาหมด,25,2024-02-15,46,2024-04-01
KIDNEY(ศูนย์โรคไต),1489,น้ำยาหมด,44,2024-02-15,46,2024-04-01
KIDNEY(ศูนย์โรคไต),1485,น้ำยาหมด,55,2024-02-16,46,2024-04-02
KIDNEY(ศูนย์โรคไต),1475,น้ำยาหมด,44,2024-02-17,46,2024-04-03
KIDNEY(ศูนย์โรคไต),1476,น้ำยาหมด,52,2024-02-17,46,2024-04-03
KIDNEY(ศูนย์โรคไต),1478,น้ำยาหมด,43,2024-02-17,46,2024-04-03
KIDNEY(ศูนย์โรคไต),1477,น้ำยาหมด,63,2024-02-17,46,2024-04-03
KIDNEY(ศูนย์โรคไต),1480,น้ำยาหมด,52,2024-02-17,46,2024-04-03
KIDNEY(ศูนย์โรคไต),1481,น้ำยาหมด,63,2024-02-17,46,2024-04-03
KIDNEY(ศูนย์โรคไต),1482,น้ำยาหมด,45,2024-02-17,46,2024-04-03
KIDNEY(ศูนย์โรคไต),1483,น้ำยาหมด,45,2024-02-17,46,2024-04-03
KIDNEY(ศูนย์โรคไต),1484,น้ำยาหมด,67,2024-02-17,46,2024-04-03
KIDNEY(ศูนย์โรคไต),1479,น้ำยาหมด,44,2024-02-17,46,2024-04-03
KIDNEY(ศูนย์โรคไต),1472,น้ำยาหมด,25,2024-02-18,46,2024-04-04
KIDNEY(ศูนย์โรคไต),1470,น้ำยาหมด,67,2024-02-18,46,2024-04-04
KIDNEY(ศูนย์โรคไต),1474,น้ำยาหมด,43,2024-02-18,46,2024-04-04
KIDNEY(ศูนย์โรคไต),1471,น้ำยาหมด,55,2024-02-18,46,2024-04-04
KIDNEY(ศูนย์โรคไต),1473,น้ำยาหมด,42,2024-02-18,46,2024-04-04
KIDNEY(ศูนย์โรคไต),1467,น้ำยาหมด,52,2024-02-19,46,2024-04-05
KIDNEY(ศูนย์โรคไต),1468,น้ำยาหมด,63,2024-02-19,46,2024-04-05
KIDNEY(ศูนย์โรคไต),1469,น้ำยาหมด,45,2024-02-19,46,2024-04-05
KIDNEY(ศูนย์โรคไต),1466,น้ำยาหมด,44,2024-02-19,46,2024-04-05
KIDNEY(ศูนย์โรคไต),1464,น้ำยาหมด,63,2024-02-19,46,2024-04-05
KIDNEY(ศูนย์โรคไต),1465,น้ำยาหมด,43,2024-02-19,46,2024-04-05
KIDNEY(ศูนย์โรคไต),1463,น้ำยาหมด,52,2024-02-19,46,2024-04-05
IV ROOM (ปรุงยา),1452,น้ำยาหมด,44,2024-02-20,47,2024-04-07
IV ROOM (ปรุงยา),1453,น้ำยาหมด,52,2024-02-20,47,2024-04-07
IV ROOM (ปรุงยา),1454,น้ำยาหมด,63,2024-02-20,47,2024-04-07
KIDNEY(ศูนย์โรคไต),1460,น้ำยาหมด,42,2024-02-20,46,2024-04-06
KIDNEY(ศูนย์โรคไต),1457,น้ำยาหมด,67,2024-02-20,46,2024-04-06
KIDNEY(ศูนย์โรคไต),1459,น้ำยาหมด,25,2024-02-20,46,2024-04-06
IV ROOM (ปรุงยา),1455,น้ำยาหมด,45,2024-02-20,47,2024-04-07
KIDNEY(ศูนย์โรคไต),1462,น้ำยาหมด,44,2024-02-20,46,2024-04-06
KIDNEY(ศูนย์โรคไต),1456,น้ำยาหมด,45,2024-02-20,46,2024-04-06
KIDNEY(ศูนย์โรคไต),1458,น้ำยาหมด,55,2024-02-20,46,2024-04-06
KIDNEY(ศูนย์โรคไต),1461,น้ำยาหมด,43,2024-02-20,46,2024-04-06
IV ROOM (ปรุงยา),1450,น้ำยาหมด,63,2024-02-20,47,2024-04-07
IV ROOM (ปรุงยา),1449,น้ำยาหมด,52,2024-02-20,47,2024-04-07
IV ROOM (ปรุงยา),1451,น้ำยาหมด,43,2024-02-20,47,2024-04-07
IV ROOM (ปรุงยา),1448,น้ำยาหมด,44,2024-02-21,47,2024-04-08
IV ROOM (ปรุงยา),1447,น้ำยาหมด,43,2024-02-21,47,2024-04-08
IV ROOM (ปรุงยา),1446,น้ำยาหมด,42,2024-02-21,47,2024-04-08
IV ROOM (ปรุงยา),1445,น้ำยาหมด,25,2024-02-21,47,2024-04-08
IV ROOM (ปรุงยา),1444,น้ำยาหมด,55,2024-02-21,47,2024-04-08
IV ROOM (ปรุงยา),1443,น้ำยาหมด,67,2024-02-21,47,2024-04-08
IV ROOM (ปรุงยา),1442,น้ำยาหมด,45,2024-02-21,47,2024-04-08
IV ROOM (ปรุงยา),1441,น้ำยาหมด,63,2024-02-21,47,2024-04-08
IV ROOM (ปรุงยา),1440,น้ำยาหมด,52,2024-02-21,47,2024-04-08
IV ROOM (ปรุงยา),1439,น้ำยาหมด,44,2024-02-21,47,2024-04-08
IV ROOM (ปรุงยา),1438,น้ำยาหมด,43,2024-02-22,47,2024-04-09
IV ROOM (ปรุงยา),1436,น้ำยาหมด,52,2024-02-23,47,2024-04-10
INFERTILE (มีบุตรยาก),1435,น้ำยาหมด,44,2024-02-23,46,2024-04-09
INFERTILE (มีบุตรยาก),1434,น้ำยาหมด,43,2024-02-23,46,2024-04-09
INFERTILE (มีบุตรยาก),1433,น้ำยาหมด,42,2024-02-23,46,2024-04-09
INFERTILE (มีบุตรยาก),1432,น้ำยาหมด,25,2024-02-23,46,2024-04-09
INFERTILE (มีบุตรยาก),1431,น้ำยาหมด,55,2024-02-23,46,2024-04-09
INFERTILE (มีบุตรยาก),1430,น้ำยาหมด,67,2024-02-23,46,2024-04-09
INFERTILE (มีบุตรยาก),1429,น้ำยาหมด,45,2024-02-23,46,2024-04-09
IV ROOM (ปรุงยา),1437,น้ำยาหมด,63,2024-02-23,48,2024-04-11
INFERTILE (มีบุตรยาก),1422,น้ำยาหมด,52,2024-02-24,48,2024-04-12
INFERTILE (มีบุตรยาก),1423,น้ำยาหมด,63,2024-02-24,48,2024-04-12
INFERTILE (มีบุตรยาก),1425,น้ำยาหมด,44,2024-02-24,46,2024-04-10
INFERTILE (มีบุตรยาก),1426,น้ำยาหมด,52,2024-02-24,46,2024-04-10
INFERTILE (มีบุตรยาก),1427,น้ำยาหมด,63,2024-02-24,46,2024-04-10
INFERTILE (มีบุตรยาก),1424,น้ำยาหมด,43,2024-02-24,44,2024-04-08
INFERTILE (มีบุตรยาก),1428,น้ำยาหมด,45,2024-02-24,46,2024-04-10
IMAGING,1412,น้ำยาหมด,44,2024-02-25,44,2024-04-09
IMAGING,1413,น้ำยาหมด,52,2024-02-25,45,2024-04-10
IMAGING,1415,น้ำยาหมด,45,2024-02-25,45,2024-04-10
IMAGING,1414,น้ำยาหมด,63,2024-02-25,45,2024-04-10
IMAGING,1417,น้ำยาหมด,55,2024-02-25,45,2024-04-10
IMAGING,1418,น้ำยาหมด,25,2024-02-25,45,2024-04-10
IMAGING,1419,น้ำยาหมด,42,2024-02-25,46,2024-04-11
INFERTILE (มีบุตรยาก),1420,น้ำยาหมด,43,2024-02-25,47,2024-04-12
IMAGING,1416,น้ำยาหมด,67,2024-02-25,45,2024-04-10
INFERTILE (มีบุตรยาก),1421,น้ำยาหมด,44,2024-02-25,47,2024-04-12
IMAGING,1404,น้ำยาหมด,55,2024-02-26,46,2024-04-12
IMAGING,1406,น้ำยาหมด,42,2024-02-26,46,2024-04-12
IMAGING,1405,น้ำยาหมด,25,2024-02-26,46,2024-04-12
IMAGING,1408,น้ำยาหมด,44,2024-02-26,46,2024-04-12
IMAGING,1409,น้ำยาหมด,52,2024-02-26,46,2024-04-12
IMAGING,1410,น้ำยาหมด,63,2024-02-26,46,2024-04-12
IMAGING,1411,น้ำยาหมด,43,2024-02-26,44,2024-04-10
IMAGING,1407,น้ำยาหมด,43,2024-02-26,46,2024-04-12
HOUSE KEEPING UNIT (แม่บ้าน),1393,น้ำยาหมด,43,2024-02-27,47,2024-04-14
HOUSE KEEPING UNIT (แม่บ้าน),1388,น้ำยาหมด,45,2024-02-27,47,2024-04-14
HOUSE KEEPING UNIT (แม่บ้าน),1389,น้ำยาหมด,67,2024-02-27,47,2024-04-14
HOUSE KEEPING UNIT (แม่บ้าน),1390,น้ำยาหมด,55,2024-02-27,47,2024-04-14
HOUSE KEEPING UNIT (แม่บ้าน),1391,น้ำยาหมด,25,2024-02-27,47,2024-04-14
HOUSE KEEPING UNIT (แม่บ้าน),1392,น้ำยาหมด,42,2024-02-27,47,2024-04-14
HOUSE KEEPING UNIT (แม่บ้าน),1394,น้ำยาหมด,44,2024-02-27,47,2024-04-14
HOUSE KEEPING UNIT (แม่บ้าน),1398,น้ำยาหมด,44,2024-02-27,45,2024-04-12
HOUSE KEEPING UNIT (แม่บ้าน),1396,น้ำยาหมด,63,2024-02-27,47,2024-04-14
HOUSE KEEPING UNIT (แม่บ้าน),1397,น้ำยาหมด,43,2024-02-27,45,2024-04-12
HOUSE KEEPING UNIT (แม่บ้าน),1399,น้ำยาหมด,52,2024-02-27,45,2024-04-12
HOUSE KEEPING UNIT (แม่บ้าน),1400,น้ำยาหมด,63,2024-02-27,46,2024-04-13
HOUSE KEEPING UNIT (แม่บ้าน),1401,น้ำยาหมด,45,2024-02-27,46,2024-04-13
HOUSE KEEPING UNIT (แม่บ้าน),1403,น้ำยาหมด,67,2024-02-27,46,2024-04-13
HOUSE KEEPING UNIT (แม่บ้าน),1395,น้ำยาหมด,52,2024-02-27,47,2024-04-14
HOUSE KEEPING UNIT (แม่บ้าน),1402,น้ำยาหมด,45,2024-02-27,46,2024-04-13
HOUSE KEEPING UNIT (แม่บ้าน),1387,น้ำยาหมด,63,2024-02-28,47,2024-04-15
HOUSE KEEPING UNIT (แม่บ้าน),1386,น้ำยาหมด,52,2024-02-28,47,2024-04-15
HOUSE KEEPING UNIT (แม่บ้าน),1385,น้ำยาหมด,44,2024-02-28,47,2024-04-15
HOUSE KEEPING UNIT (แม่บ้าน),1384,น้ำยาหมด,43,2024-02-28,47,2024-04-15
HOUSE KEEPING UNIT (แม่บ้าน),1383,น้ำยาหมด,63,2024-02-28,47,2024-04-15
HOME VIP,1382,น้ำยาหมด,52,2024-02-28,47,2024-04-15
HOME VIP,1380,น้ำยาหมด,43,2024-02-29,47,2024-04-16
HOME VIP,1381,น้ำยาหมด,44,2024-02-29,47,2024-04-16
HOME VIP,1378,น้ำยาหมด,25,2024-03-01,47,2024-04-17
HOME VIP,1379,น้ำยาหมด,42,2024-03-01,47,2024-04-17
HOME VIP,1377,น้ำยาหมด,55,2024-03-01,47,2024-04-17
HOME VIP,1376,น้ำยาหมด,67,2024-03-01,47,2024-04-17
HOME VIP,1375,น้ำยาหมด,45,2024-03-01,47,2024-04-17
HOME VIP,1374,น้ำยาหมด,45,2024-03-01,47,2024-04-17
HOME VIP,1373,น้ำยาหมด,63,2024-03-01,47,2024-04-17
HOME VIP,1372,น้ำยาหมด,52,2024-03-01,47,2024-04-17
Chemo & IV Pharmacy Department,1371,น้ำยาหมด,44,2024-03-01,47,2024-04-17
Chemo & IV Pharmacy Department,1370,น้ำยาหมด,43,2024-03-01,47,2024-04-17
Chemo & IV Pharmacy Department,1369,น้ำยาหมด,63,2024-03-01,47,2024-04-17
Chemo & IV Pharmacy Department,1368,น้ำยาหมด,52,2024-03-01,47,2024-04-17
Chemo & IV Pharmacy Department,1363,น้ำยาหมด,55,2024-03-02,47,2024-04-18
Chemo & IV Pharmacy Department,1367,น้ำยาหมด,44,2024-03-02,47,2024-04-18
Chemo & IV Pharmacy Department,1366,น้ำยาหมด,43,2024-03-02,47,2024-04-18
Chemo & IV Pharmacy Department,1365,น้ำยาหมด,42,2024-03-02,47,2024-04-18
Chemo & IV Pharmacy Department,1364,น้ำยาหมด,25,2024-03-02,47,2024-04-18
Chemo & IV Pharmacy Department,1362,น้ำยาหมด,67,2024-03-03,47,2024-04-19
Chemo & IV Pharmacy Department,1361,น้ำยาหมด,45,2024-03-03,47,2024-04-19
Chemo & IV Pharmacy Department,1360,น้ำยาหมด,63,2024-03-03,47,2024-04-19
Chemo & IV Pharmacy Department,1359,น้ำยาหมด,52,2024-03-03,47,2024-04-19
Chemo & IV Pharmacy Department,1358,น้ำยาหมด,44,2024-03-03,47,2024-04-19
Chemo & IV Pharmacy Department,1357,น้ำยาหมด,43,2024-03-03,47,2024-04-19
Chemo & IV Pharmacy Department,1356,น้ำยาหมด,63,2024-03-03,47,2024-04-19
Chemo & IV Pharmacy Department,1353,น้ำยาหมด,43,2024-03-03,47,2024-04-19
Chemo & IV Pharmacy Department,1354,น้ำยาหมด,44,2024-03-03,47,2024-04-19
Chemo & IV Pharmacy Department,1355,น้ำยาหมด,52,2024-03-03,47,2024-04-19
CARDIOVASCULAR CLINIC,1352,น้ำยาหมด,42,2024-03-04,47,2024-04-20
CARDIOVASCULAR CLINIC,1351,น้ำยาหมด,25,2024-03-04,47,2024-04-20
CARDIOVASCULAR CLINIC,1350,น้ำยาหมด,55,2024-03-04,47,2024-04-20
CARDIOVASCULAR CLINIC,1349,น้ำยาหมด,67,2024-03-04,47,2024-04-20
CARDIOVASCULAR CLINIC,1348,น้ำยาหมด,45,2024-03-04,47,2024-04-20
CARDIOVASCULAR CLINIC,1347,น้ำยาหมด,45,2024-03-04,47,2024-04-20
CARDIOVASCULAR CLINIC,1346,น้ำยาหมด,63,2024-03-04,47,2024-04-20
CARDIOVASCULAR CLINIC,1345,น้ำยาหมด,52,2024-03-04,47,2024-04-20
CARDIOVASCULAR CLINIC,1342,น้ำยาหมด,63,2024-03-05,47,2024-04-21
CARDIOVASCULAR CLINIC,1339,น้ำยาหมด,43,2024-03-05,47,2024-04-21
CARDIOVASCULAR CLINIC,1343,น้ำยาหมด,43,2024-03-05,47,2024-04-21
CARDIOVASCULAR CLINIC,1344,น้ำยาหมด,44,2024-03-05,47,2024-04-21
CARDIOVASCULAR CLINIC,1341,น้ำยาหมด,52,2024-03-05,47,2024-04-21
CARDIOVASCULAR CLINIC,1337,น้ำยาหมด,25,2024-03-05,47,2024-04-21
CARDIOVASCULAR CLINIC,1338,น้ำยาหมด,42,2024-03-05,47,2024-04-21
CARDIOVASCULAR CLINIC,1340,น้ำยาหมด,44,2024-03-05,47,2024-04-21
CARDIOVASCULAR CLINIC,1336,น้ำยาหมด,55,2024-03-06,48,2024-04-23
CARDIOVASCULAR CLINIC,1335,น้ำยาหมด,67,2024-03-06,48,2024-04-23
CARDIOVASCULAR CLINIC,1334,น้ำยาหมด,45,2024-03-06,48,2024-04-23
CARDIOTHORACIC SURGERY(ศัลยกรรมหัวใจ),1332,น้ำยาหมด,52,2024-03-06,49,2024-04-24
CARDIOTHORACIC SURGERY(ศัลยกรรมหัวใจ),1333,น้ำยาหมด,63,2024-03-06,53,2024-04-28
CARDIOTHORACIC SURGERY(ศัลยกรรมหัวใจ),1331,น้ำยาหมด,44,2024-03-06,49,2024-04-24
CARDIOTHORACIC SURGERY(ศัลยกรรมหัวใจ),1330,น้ำยาหมด,43,2024-03-07,49,2024-04-25
CARDIOTHORACIC SURGERY(ศัลยกรรมหัวใจ),1328,น้ำยาหมด,52,2024-03-07,49,2024-04-25
CARDIOTHORACIC SURGERY(ศัลยกรรมหัวใจ),1327,น้ำยาหมด,44,2024-03-07,49,2024-04-25
CARDIOTHORACIC SURGERY(ศัลยกรรมหัวใจ),1326,น้ำยาหมด,43,2024-03-07,49,2024-04-25
CARDIOTHORACIC SURGERY(ศัลยกรรมหัวใจ),1325,น้ำยาหมด,42,2024-03-07,49,2024-04-25
CARDIOTHORACIC SURGERY(ศัลยกรรมหัวใจ),1324,น้ำยาหมด,25,2024-03-07,49,2024-04-25
CARDIOTHORACIC SURGERY(ศัลยกรรมหัวใจ),1323,น้ำยาหมด,55,2024-03-07,49,2024-04-25
CARDIOTHORACIC SURGERY(ศัลยกรรมหัวใจ),1322,น้ำยาหมด,67,2024-03-07,49,2024-04-25
CARDIOTHORACIC SURGERY(ศัลยกรรมหัวใจ),1329,น้ำยาหมด,63,2024-03-07,49,2024-04-25
CARDIOTHORACIC SURGERY(ศัลยกรรมหัวใจ),1320,น้ำยาหมด,45,2024-03-08,48,2024-04-25
CARDIOTHORACIC SURGERY(ศัลยกรรมหัวใจ),1319,น้ำยาหมด,63,2024-03-08,48,2024-04-25
CARDIOTHORACIC SURGERY(ศัลยกรรมหัวใจ),1321,น้ำยาหมด,45,2024-03-08,48,2024-04-25
CARDIOTHORACIC SURGERY(ศัลยกรรมหัวใจ),1318,น้ำยาหมด,52,2024-03-08,48,2024-04-25
CARDIAC REHABILITATION CENTER,1314,น้ำยาหมด,52,2024-03-09,48,2024-04-26
CARDIOTHORACIC SURGERY(ศัลยกรรมหัวใจ),1317,น้ำยาหมด,44,2024-03-09,48,2024-04-26
CARDIOTHORACIC SURGERY(ศัลยกรรมหัวใจ),1316,น้ำยาหมด,43,2024-03-09,48,2024-04-26
CARDIAC REHABILITATION CENTER,1315,น้ำยาหมด,63,2024-03-09,48,2024-04-26
CARDIAC REHABILITATION CENTER,1313,น้ำยาหมด,44,2024-03-09,48,2024-04-26
CARDIAC REHABILITATION CENTER,1312,น้ำยาหมด,43,2024-03-09,48,2024-04-26
CARDIAC REHABILITATION CENTER,1311,น้ำยาหมด,42,2024-03-09,48,2024-04-26
CARDIAC REHABILITATION CENTER,1307,น้ำยาหมด,45,2024-03-10,49,2024-04-28
CARDIAC REHABILITATION CENTER,1308,น้ำยาหมด,67,2024-03-10,49,2024-04-28
CARDIAC REHABILITATION CENTER,1309,น้ำยาหมด,55,2024-03-10,49,2024-04-28
CARDIAC REHABILITATION CENTER,1306,น้ำยาหมด,63,2024-03-10,49,2024-04-28
CARDIAC REHABILITATION CENTER,1305,น้ำยาหมด,52,2024-03-10,49,2024-04-28
CARDIAC REHABILITATION CENTER,1310,น้ำยาหมด,25,2024-03-10,48,2024-04-27
CARDIAC REHABILITATION CENTER,1304,น้ำยาหมด,44,2024-03-10,49,2024-04-28
CARDIAC REHABILITATION CENTER,1302,น้ำยาหมด,63,2024-03-11,49,2024-04-29
CARDIAC REHABILITATION CENTER,1301,น้ำยาหมด,52,2024-03-11,49,2024-04-29
CARDIAC REHABILITATION CENTER,1303,น้ำยาหมด,43,2024-03-11,49,2024-04-29
CARDIAC REHABILITATION CENTER,1300,น้ำยาหมด,44,2024-03-11,49,2024-04-29
CARDIAC REHABILITATION CENTER,1299,น้ำยาหมด,43,2024-03-12,49,2024-04-30
CANCER SURGERY(ศัลยกรรมมะเร็ง),1298,น้ำยาหมด,42,2024-03-12,49,2024-04-30
CANCER SURGERY(ศัลยกรรมมะเร็ง),1297,น้ำยาหมด,25,2024-03-12,49,2024-04-30
CANCER SURGERY(ศัลยกรรมมะเร็ง),1296,น้ำยาหมด,55,2024-03-12,49,2024-04-30
CANCER SURGERY(ศัลยกรรมมะเร็ง),1295,น้ำยาหมด,67,2024-03-12,51,2024-05-02
CANCER SURGERY(ศัลยกรรมมะเร็ง),1294,น้ำยาหมด,45,2024-03-12,45,2024-04-26
CANCER SURGERY(ศัลยกรรมมะเร็ง),1293,น้ำยาหมด,35,2024-03-12,34,2024-04-15
CANCER SURGERY(ศัลยกรรมมะเร็ง),1292,น้ำยาหมด,34,2024-03-12,34,2024-04-15
CANCER SURGERY(ศัลยกรรมมะเร็ง),1291,น้ำยาหมด,33,2024-03-12,34,2024-04-15
CANCER SURGERY(ศัลยกรรมมะเร็ง),1290,น้ำยาหมด,25,2024-03-12,34,2024-04-15
CANCER SURGERY(ศัลยกรรมมะเร็ง),1286,น้ำยาหมด,31,2024-03-13,33,2024-04-15
CANCER SURGERY(ศัลยกรรมมะเร็ง),1285,น้ำยาหมด,29,2024-03-13,33,2024-04-15
CANCER SURGERY(ศัลยกรรมมะเร็ง),1284,น้ำยาหมด,36,2024-03-13,33,2024-04-15
CANCER SURGERY(ศัลยกรรมมะเร็ง),1287,น้ำยาหมด,32,2024-03-13,33,2024-04-15
CANCER SURGERY(ศัลยกรรมมะเร็ง),1289,น้ำยาหมด,45,2024-03-13,34,2024-04-16
CANCER SURGERY(ศัลยกรรมมะเร็ง),1288,น้ำยาหมด,35,2024-03-13,34,2024-04-16
CANCER SURGERY(ศัลยกรรมมะเร็ง),1283,น้ำยาหมด,25,2024-03-14,33,2024-04-16
BREAST CENTER(เต้านม),1281,น้ำยาหมด,36,2024-03-14,33,2024-04-16
BREAST CENTER(เต้านม),1280,น้ำยาหมด,35,2024-03-14,33,2024-04-16
BREAST CENTER(เต้านม),1279,น้ำยาหมด,25,2024-03-14,33,2024-04-16
BREAST CENTER(เต้านม),1278,น้ำยาหมด,40,2024-03-14,33,2024-04-16
CANCER SURGERY(ศัลยกรรมมะเร็ง),1282,น้ำยาหมด,40,2024-03-14,33,2024-04-16
BREAST CENTER(เต้านม),1269,น้ำยาหมด,45,2024-03-15,33,2024-04-17
BREAST CENTER(เต้านม),1270,น้ำยาหมด,25,2024-03-15,33,2024-04-17
BREAST CENTER(เต้านม),1271,น้ำยาหมด,33,2024-03-15,33,2024-04-17
BREAST CENTER(เต้านม),1272,น้ำยาหมด,34,2024-03-15,33,2024-04-17
BREAST CENTER(เต้านม),1273,น้ำยาหมด,35,2024-03-15,33,2024-04-17
BREAST CENTER(เต้านม),1274,น้ำยาหมด,35,2024-03-15,33,2024-04-17
BREAST CENTER(เต้านม),1275,น้ำยาหมด,23,2024-03-15,33,2024-04-17
BREAST CENTER(เต้านม),1276,น้ำยาหมด,28,2024-03-15,33,2024-04-17
BREAST CENTER(เต้านม),1277,น้ำยาหมด,30,2024-03-15,33,2024-04-17
BREAST CENTER(เต้านม),1264,น้ำยาหมด,36,2024-03-16,33,2024-04-18
BREAST CENTER(เต้านม),1266,น้ำยาหมด,31,2024-03-16,33,2024-04-18
BREAST CENTER(เต้านม),1267,น้ำยาหมด,32,2024-03-16,33,2024-04-18
BREAST CENTER(เต้านม),1268,น้ำยาหมด,35,2024-03-16,33,2024-04-18
BREAST CENTER(เต้านม),1263,น้ำยาหมด,25,2024-03-16,33,2024-04-18
BREAST CENTER(เต้านม),1265,น้ำยาหมด,29,2024-03-16,33,2024-04-18
BREAST CENTER(เต้านม),1262,น้ำยาหมด,40,2024-03-17,33,2024-04-19
BREAST CENTER(เต้านม),1261,น้ำยาหมด,36,2024-03-17,33,2024-04-19
BREAST CENTER(เต้านม),1260,น้ำยาหมด,35,2024-03-17,33,2024-04-19
BREAST CENTER(เต้านม),1259,น้ำยาหมด,25,2024-03-17,33,2024-04-19
BRAIN CENTER (สมอง),1258,น้ำยาหมด,40,2024-03-17,33,2024-04-19
BRAIN CENTER (สมอง),1257,น้ำยาหมด,30,2024-03-17,33,2024-04-19
BRAIN CENTER (สมอง),1256,น้ำยาหมด,28,2024-03-17,33,2024-04-19
BRAIN CENTER (สมอง),1255,น้ำยาหมด,23,2024-03-18,33,2024-04-20
BRAIN CENTER (สมอง),1254,น้ำยาหมด,35,2024-03-18,33,2024-04-20
BRAIN CENTER (สมอง),1247,น้ำยาหมด,32,2024-03-18,33,2024-04-20
BRAIN CENTER (สมอง),1252,น้ำยาหมด,34,2024-03-18,33,2024-04-20
BRAIN CENTER (สมอง),1251,น้ำยาหมด,33,2024-03-18,33,2024-04-20
BRAIN CENTER (สมอง),1250,น้ำยาหมด,25,2024-03-18,33,2024-04-20
BRAIN CENTER (สมอง),1249,น้ำยาหมด,45,2024-03-18,33,2024-04-20
BRAIN CENTER (สมอง),1253,น้ำยาหมด,35,2024-03-18,33,2024-04-20
BRAIN CENTER (สมอง),1248,น้ำยาหมด,35,2024-03-18,33,2024-04-20
BRAIN CENTER (สมอง),1246,น้ำยาหมด,31,2024-03-19,33,2024-04-21
BRAIN CENTER (สมอง),1245,น้ำยาหมด,29,2024-03-19,33,2024-04-21
BRAIN CENTER (สมอง),1244,น้ำยาหมด,36,2024-03-19,33,2024-04-21
BRAIN CENTER (สมอง),1243,น้ำยาหมด,25,2024-03-19,33,2024-04-21
BRAIN CENTER (สมอง),1242,น้ำยาหมด,40,2024-03-19,33,2024-04-21
BRAIN CENTER (สมอง),1241,น้ำยาหมด,36,2024-03-19,33,2024-04-21
BRAIN CENTER (สมอง),1240,น้ำยาหมด,35,2024-03-19,33,2024-04-21
BRAIN CENTER (สมอง),1239,น้ำยาหมด,25,2024-03-19,33,2024-04-21
BRAIN CENTER (สมอง),1238,น้ำยาหมด,40,2024-03-19,33,2024-04-21
BIH_เวรเปล,1234,น้ำยาหมด,35,2024-03-20,33,2024-04-22
BRAIN CENTER (สมอง),1237,น้ำยาหมด,30,2024-03-20,33,2024-04-22
BIH_เวรเปล,1236,น้ำยาหมด,28,2024-03-20,33,2024-04-22
BIH_เวรเปล,1235,น้ำยาหมด,23,2024-03-20,33,2024-04-22
BIH_เวรเปล,1233,น้ำยาหมด,35,2024-03-21,33,2024-04-23
BIH_เวรเปล,1225,น้ำยาหมด,29,2024-03-21,33,2024-04-23
BIH_เวรเปล,1226,น้ำยาหมด,31,2024-03-21,33,2024-04-23
BIH_เวรเปล,1227,น้ำยาหมด,32,2024-03-21,33,2024-04-23
BIH_เวรเปล,1228,น้ำยาหมด,35,2024-03-21,33,2024-04-23
BIH_เวรเปล,1229,น้ำยาหมด,45,2024-03-21,33,2024-04-23
BIH_เวรเปล,1230,น้ำยาหมด,25,2024-03-21,33,2024-04-23
BIH_เวรเปล,1231,น้ำยาหมด,33,2024-03-21,33,2024-04-23
BIH_เวรเปล,1232,น้ำยาหมด,34,2024-03-21,33,2024-04-23
BIH_เวรเปล,1222,น้ำยาหมด,40,2024-03-22,33,2024-04-24
BIH_เวรเปล,1224,น้ำยาหมด,36,2024-03-22,33,2024-04-24
BIH_Ward4S2,1219,น้ำยาหมด,25,2024-03-22,33,2024-04-24
BIH_Ward4S2,1221,น้ำยาหมด,36,2024-03-22,33,2024-04-24
BIH_Ward4S2,1220,น้ำยาหมด,35,2024-03-22,33,2024-04-24
BIH_เวรเปล,1223,น้ำยาหมด,25,2024-03-22,33,2024-04-24
BIH_Ward4S2,1213,น้ำยาหมด,35,2024-03-23,33,2024-04-25
BIH_Ward4S2,1214,น้ำยาหมด,35,2024-03-23,33,2024-04-25
BIH_Ward4S2,1215,น้ำยาหมด,23,2024-03-23,33,2024-04-25
BIH_Ward4S2,1216,น้ำยาหมด,28,2024-03-23,33,2024-04-25
BIH_Ward4S2,1217,น้ำยาหมด,30,2024-03-23,33,2024-04-25
BIH_Ward4S2,1218,น้ำยาหมด,40,2024-03-23,33,2024-04-25
BIH_Ward4S2,1211,น้ำยาหมด,33,2024-03-24,33,2024-04-26
BIH_Ward4S2,1212,น้ำยาหมด,34,2024-03-24,33,2024-04-26
BIH_Ward4S2,1208,น้ำยาหมด,35,2024-03-24,33,2024-04-26
BIH_Ward4S2,1207,น้ำยาหมด,32,2024-03-24,33,2024-04-26
BIH_Ward4S2,1206,น้ำยาหมด,31,2024-03-24,33,2024-04-26
BIH_Ward4S2,1205,น้ำยาหมด,29,2024-03-24,33,2024-04-26
BIH_Ward4S2,1204,น้ำยาหมด,36,2024-03-24,33,2024-04-26
BIH_Ward4S2,1210,น้ำยาหมด,25,2024-03-24,33,2024-04-26
BIH_Ward4S2,1209,น้ำยาหมด,45,2024-03-24,33,2024-04-26
BIH_Ward4S2,1198,น้ำยาหมด,40,2024-03-25,33,2024-04-27
BIH_Ward4S1,1184,น้ำยาหมด,36,2024-03-25,33,2024-04-27
BIH_Ward4S1,1185,น้ำยาหมด,29,2024-03-25,33,2024-04-27
BIH_Ward4S1,1186,น้ำยาหมด,31,2024-03-25,33,2024-04-27
BIH_Ward4S1,1188,น้ำยาหมด,35,2024-03-25,33,2024-04-27
BIH_Ward4S1,1189,น้ำยาหมด,45,2024-03-25,33,2024-04-27
BIH_Ward4S1,1190,น้ำยาหมด,25,2024-03-25,33,2024-04-27
BIH_Ward4S2,1197,น้ำยาหมด,30,2024-03-25,33,2024-04-27
BIH_Ward4S2,1191,น้ำยาหมด,33,2024-03-25,33,2024-04-27
BIH_Ward4S2,1193,น้ำยาหมด,35,2024-03-25,33,2024-04-27
BIH_Ward4S2,1194,น้ำยาหมด,35,2024-03-25,33,2024-04-27
BIH_Ward4S2,1195,น้ำยาหมด,23,2024-03-25,33,2024-04-27
BIH_Ward4S2,1203,น้ำยาหมด,25,2024-03-25,33,2024-04-27
BIH_Ward4S2,1202,น้ำยาหมด,40,2024-03-25,33,2024-04-27
BIH_Ward4S2,1201,น้ำยาหมด,36,2024-03-25,33,2024-04-27
BIH_Ward4S2,1196,น้ำยาหมด,28,2024-03-25,33,2024-04-27
BIH_Ward4S2,1199,น้ำยาหมด,25,2024-03-25,33,2024-04-27
BIH_Ward4S2,1192,น้ำยาหมด,34,2024-03-25,33,2024-04-27
BIH_Ward4S2,1200,น้ำยาหมด,35,2024-03-25,33,2024-04-27
BIH_Ward4S1,1187,น้ำยาหมด,32,2024-03-25,33,2024-04-27
BIH_Ward4S1,1183,น้ำยาหมด,25,2024-03-26,33,2024-04-28
BIH_Ward4S1,1174,น้ำยาหมด,35,2024-03-27,33,2024-04-29
BIH_Ward4S1,1175,น้ำยาหมด,23,2024-03-27,33,2024-04-29
BIH_ICU8,1173,น้ำยาหมด,35,2024-03-27,33,2024-04-29
BIH_Ward4S1,1176,น้ำยาหมด,28,2024-03-27,33,2024-04-29
BIH_Ward4S1,1181,น้ำยาหมด,36,2024-03-27,33,2024-04-29
BIH_Ward4S1,1178,น้ำยาหมด,40,2024-03-27,33,2024-04-29
BIH_Ward4S1,1179,น้ำยาหมด,25,2024-03-27,33,2024-04-29
BIH_Ward4S1,1180,น้ำยาหมด,35,2024-03-27,33,2024-04-29
BIH_Ward4S1,1182,น้ำยาหมด,40,2024-03-27,33,2024-04-29
BIH_Ward4S1,1177,น้ำยาหมด,30,2024-03-27,33,2024-04-29
BIH_ICU8,1163,น้ำยาหมด,25,2024-03-28,33,2024-04-30
BIH_ICU8,1164,น้ำยาหมด,36,2024-03-28,33,2024-04-30
BIH_ICU8,1165,น้ำยาหมด,29,2024-03-28,33,2024-04-30
BIH_ICU8,1166,น้ำยาหมด,31,2024-03-28,33,2024-04-30
BIH_ICU8,1169,น้ำยาหมด,45,2024-03-28,33,2024-04-30
BIH_ICU8,1168,น้ำยาหมด,35,2024-03-28,33,2024-04-30
BIH_ICU8,1170,น้ำยาหมด,25,2024-03-28,33,2024-04-30
BIH_ICU8,1171,น้ำยาหมด,33,2024-03-28,33,2024-04-30
BIH_ICU8,1172,น้ำยาหมด,34,2024-03-28,33,2024-04-30
BIH_ICU8,1167,น้ำยาหมด,32,2024-03-28,33,2024-04-30
BIH_ICU8,1153,น้ำยาหมด,35,2024-03-29,33,2024-05-01
BIH_ICU8,1154,น้ำยาหมด,35,2024-03-29,33,2024-05-01
BIH_ICU8,1155,น้ำยาหมด,23,2024-03-29,33,2024-05-01
BIH_ICU8,1156,น้ำยาหมด,28,2024-03-29,33,2024-05-01
BIH_ICU8,1162,น้ำยาหมด,40,2024-03-29,33,2024-05-01
BIH_ICU8,1158,น้ำยาหมด,40,2024-03-29,33,2024-05-01
BIH_ICU8,1159,น้ำยาหมด,25,2024-03-29,33,2024-05-01
BIH_ICU8,1160,น้ำยาหมด,35,2024-03-29,33,2024-05-01
BIH_ICU8,1161,น้ำยาหมด,36,2024-03-29,33,2024-05-01
BIH_ICU8,1157,น้ำยาหมด,30,2024-03-29,33,2024-05-01
BIH_ICU7,1144,น้ำยาหมด,36,2024-03-30,33,2024-05-02
BIH_ICU7,1145,น้ำยาหมด,29,2024-03-30,33,2024-05-02
BIH_ICU7,1146,น้ำยาหมด,31,2024-03-30,33,2024-05-02
BIH_ICU7,1147,น้ำยาหมด,32,2024-03-30,33,2024-05-02
BIH_ICU7,1148,น้ำยาหมด,35,2024-03-30,33,2024-05-02
BIH_ICU7,1149,น้ำยาหมด,45,2024-03-30,33,2024-05-02
BIH_ICU7,1150,น้ำยาหมด,25,2024-03-30,33,2024-05-02
BIH_ICU7,1151,น้ำยาหมด,33,2024-03-30,33,2024-05-02
BIH_ICU8,1152,น้ำยาหมด,34,2024-03-30,33,2024-05-02
BIH_ICU7,1143,น้ำยาหมด,25,2024-03-31,33,2024-05-03
BIH_ICU7,1141,น้ำยาหมด,36,2024-04-01,33,2024-05-04
BIH_ICU7,1140,น้ำยาหมด,35,2024-04-01,33,2024-05-04
BIH_ICU7,1139,น้ำยาหมด,25,2024-04-01,33,2024-05-04
BIH_ICU7,1130,น้ำยาหมด,25,2024-04-01,33,2024-05-04
BIH_ICU7,1137,น้ำยาหมด,30,2024-04-01,33,2024-05-04
BIH_ICU7,1136,น้ำยาหมด,28,2024-04-01,33,2024-05-04
BIH_ICU7,1135,น้ำยาหมด,23,2024-04-01,33,2024-05-04
BIH_ICU7,1134,น้ำยาหมด,35,2024-04-01,33,2024-05-04
BIH_ICU7,1133,น้ำยาหมด,35,2024-04-01,33,2024-05-04
BIH_ICU7,1132,น้ำยาหมด,34,2024-04-01,33,2024-05-04
BIH_ICU7,1131,น้ำยาหมด,33,2024-04-01,33,2024-05-04
BIH_ICU7,1142,น้ำยาหมด,40,2024-04-01,33,2024-05-04
BIH_ICU7,1138,น้ำยาหมด,40,2024-04-01,33,2024-05-04
BIH_ICU6,1129,น้ำยาหมด,45,2024-04-01,33,2024-05-04
BIH_ICU6,1128,น้ำยาหมด,35,2024-04-02,33,2024-05-05
BIH_ICU6,1127,น้ำยาหมด,32,2024-04-02,33,2024-05-05
BIH_ICU6,1126,น้ำยาหมด,31,2024-04-02,33,2024-05-05
BIH_ICU6,1125,น้ำยาหมด,29,2024-04-02,33,2024-05-05
BIH_ICU6,1124,น้ำยาหมด,36,2024-04-02,33,2024-05-05
BIH_ICU6,1123,น้ำยาหมด,25,2024-04-02,33,2024-05-05
BIH_ICU6,1122,น้ำยาหมด,40,2024-04-02,33,2024-05-05
BIH_ICU6,1121,น้ำยาหมด,36,2024-04-02,33,2024-05-05
BIH_ICU6,1120,น้ำยาหมด,35,2024-04-02,33,2024-05-05
BIH_ICU6,1112,น้ำยาหมด,34,2024-04-03,33,2024-05-06
BIH_ICU6,1106,น้ำยาหมด,31,2024-04-03,33,2024-05-06
BIH_ICU6,1107,น้ำยาหมด,32,2024-04-03,33,2024-05-06
BIH_ICU6,1108,น้ำยาหมด,35,2024-04-03,33,2024-05-06
BIH_ICU6,1109,น้ำยาหมด,45,2024-04-03,33,2024-05-06
BIH_ICU6,1110,น้ำยาหมด,25,2024-04-03,33,2024-05-06
BIH_ICU6,1111,น้ำยาหมด,33,2024-04-03,33,2024-05-06
BIH_ICU6,1117,น้ำยาหมด,30,2024-04-03,33,2024-05-06
BIH_ICU6,1114,น้ำยาหมด,35,2024-04-03,33,2024-05-06
BIH_ICU6,1115,น้ำยาหมด,23,2024-04-03,33,2024-05-06
BIH_ICU6,1116,น้ำยาหมด,28,2024-04-03,33,2024-05-06
BIH_ICU6,1105,น้ำยาหมด,29,2024-04-03,33,2024-05-06
BIH_ICU6,1118,น้ำยาหมด,40,2024-04-03,33,2024-05-06
BIH_ICU6,1119,น้ำยาหมด,25,2024-04-03,33,2024-05-06
BIH_ICU6,1113,น้ำยาหมด,35,2024-04-03,33,2024-05-06
WARD 16D,1100,น้ำยาหมด,35,2024-04-04,33,2024-05-07
WARD 16D,1102,น้ำยาหมด,40,2024-04-04,33,2024-05-07
WARD 16D,1101,น้ำยาหมด,36,2024-04-04,33,2024-05-07
BIH_ICU6,1104,น้ำยาหมด,36,2024-04-04,33,2024-05-07
WARD 16D,1103,น้ำยาหมด,25,2024-04-04,33,2024-05-07
WARD 16D,1087,น้ำยาหมด,32,2024-04-05,33,2024-05-08
WARD 16D,1092,น้ำยาหมด,34,2024-04-05,33,2024-05-08
WARD 16D,1088,น้ำยาหมด,35,2024-04-05,33,2024-05-08
WARD 16D,1089,น้ำยาหมด,45,2024-04-05,33,2024-05-08
WARD 16D,1091,น้ำยาหมด,33,2024-04-05,33,2024-05-08
WARD 16D,1093,น้ำยาหมด,35,2024-04-05,33,2024-05-08
WARD 16D,1090,น้ำยาหมด,25,2024-04-05,33,2024-05-08
WARD 16D,1095,น้ำยาหมด,23,2024-04-05,33,2024-05-08
WARD 16D,1096,น้ำยาหมด,28,2024-04-05,33,2024-05-08
WARD 16D,1097,น้ำยาหมด,30,2024-04-05,33,2024-05-08
WARD 16D,1098,น้ำยาหมด,40,2024-04-05,33,2024-05-08
WARD 16D,1099,น้ำยาหมด,25,2024-04-05,33,2024-05-08
WARD 16D,1094,น้ำยาหมด,35,2024-04-05,33,2024-05-08
WARD 15D,1076,น้ำยาหมด,28,2024-04-06,33,2024-05-09
WARD 15D,1077,น้ำยาหมด,30,2024-04-06,33,2024-05-09
WARD 15D,1078,น้ำยาหมด,40,2024-04-06,33,2024-05-09
WARD 16D,1079,น้ำยาหมด,25,2024-04-06,33,2024-05-09
WARD 16D,1080,น้ำยาหมด,35,2024-04-06,33,2024-05-09
WARD 16D,1081,น้ำยาหมด,36,2024-04-06,33,2024-05-09
WARD 16D,1083,น้ำยาหมด,25,2024-04-06,33,2024-05-09
WARD 16D,1084,น้ำยาหมด,36,2024-04-06,33,2024-05-09
WARD 16D,1085,น้ำยาหมด,29,2024-04-06,33,2024-05-09
WARD 16D,1086,น้ำยาหมด,31,2024-04-06,33,2024-05-09
WARD 16D,1082,น้ำยาหมด,40,2024-04-06,33,2024-05-09
WARD 15D,1070,น้ำยาหมด,25,2024-04-07,33,2024-05-10
WARD 15D,1066,น้ำยาหมด,31,2024-04-07,33,2024-05-10
WARD 15D,1068,น้ำยาหมด,35,2024-04-07,33,2024-05-10
WARD 15D,1069,น้ำยาหมด,45,2024-04-07,33,2024-05-10
WARD 15D,1071,น้ำยาหมด,33,2024-04-07,33,2024-05-10
WARD 15D,1067,น้ำยาหมด,32,2024-04-07,33,2024-05-10
WARD 15D,1073,น้ำยาหมด,35,2024-04-07,33,2024-05-10
WARD 15D,1074,น้ำยาหมด,35,2024-04-07,33,2024-05-10
WARD 15D,1075,น้ำยาหมด,23,2024-04-07,33,2024-05-10
WARD 15D,1072,น้ำยาหมด,34,2024-04-07,33,2024-05-10
WARD 14D,1056,น้ำยาหมด,28,2024-04-08,33,2024-05-11
WARD 14D,1057,น้ำยาหมด,30,2024-04-08,33,2024-05-11
WARD 14D,1058,น้ำยาหมด,40,2024-04-08,33,2024-05-11
WARD 14D,1060,น้ำยาหมด,35,2024-04-08,33,2024-05-11
WARD 14D,1059,น้ำยาหมด,25,2024-04-08,33,2024-05-11
WARD 14D,1062,น้ำยาหมด,40,2024-04-08,33,2024-05-11
WARD 14D,1063,น้ำยาหมด,25,2024-04-08,33,2024-05-11
WARD 14D,1064,น้ำยาหมด,36,2024-04-08,33,2024-05-11
WARD 15D,1065,น้ำยาหมด,29,2024-04-08,33,2024-05-11
WARD 14D,1061,น้ำยาหมด,36,2024-04-08,33,2024-05-11
WARD 12D,1049,น้ำยาหมด,25,2024-04-09,33,2024-05-12
WARD 14D,1055,น้ำยาหมด,23,2024-04-09,33,2024-05-12
WARD 12D,1054,น้ำยาหมด,35,2024-04-09,33,2024-05-12
WARD 12D,1053,น้ำยาหมด,35,2024-04-09,33,2024-05-12
WARD 12D,1051,น้ำยาหมด,34,2024-04-09,33,2024-05-12
WARD 12D,1050,น้ำยาหมด,33,2024-04-09,33,2024-05-12
WARD 12D,1048,น้ำยาหมด,45,2024-04-09,33,2024-05-12
WARD 12D,1052,น้ำยาหมด,35,2024-04-09,33,2024-05-12
WARD 12D,1042,น้ำยาหมด,25,2024-04-10,33,2024-05-13
WARD 12D,1041,น้ำยาหมด,40,2024-04-10,33,2024-05-13
WARD 12D,1040,น้ำยาหมด,36,2024-04-10,33,2024-05-13
WARD 12D,1035,น้ำยาหมด,28,2024-04-10,33,2024-05-13
WARD 12D,1036,น้ำยาหมด,30,2024-04-10,33,2024-05-13
WARD 11D,1034,น้ำยาหมด,23,2024-04-10,33,2024-05-13
WARD 12D,1037,น้ำยาหมด,40,2024-04-10,33,2024-05-13
WARD 12D,1038,น้ำยาหมด,25,2024-04-10,33,2024-05-13
WARD 12D,1039,น้ำยาหมด,35,2024-04-10,33,2024-05-13
WARD 12D,1043,น้ำยาหมด,36,2024-04-10,33,2024-05-13
WARD 12D,1044,น้ำยาหมด,29,2024-04-10,33,2024-05-13
WARD 12D,1045,น้ำยาหมด,31,2024-04-10,33,2024-05-13
WARD 12D,1047,น้ำยาหมด,35,2024-04-10,33,2024-05-13
WARD 12D,1046,น้ำยาหมด,32,2024-04-10,33,2024-05-13
WARD 11D,1032,น้ำยาหมด,35,2024-04-11,33,2024-05-14
WARD 11D,1033,น้ำยาหมด,35,2024-04-11,33,2024-05-14
WARD 11D,1031,น้ำยาหมด,34,2024-04-11,33,2024-05-14
WARD 11D,1030,น้ำยาหมด,33,2024-04-11,33,2024-05-14
WARD 11D,1029,น้ำยาหมด,25,2024-04-11,33,2024-05-14
WARD 11D,1028,น้ำยาหมด,45,2024-04-11,33,2024-05-14
WARD 11D,1027,น้ำยาหมด,35,2024-04-11,33,2024-05-14
WARD 11D,1026,น้ำยาหมด,32,2024-04-11,33,2024-05-14
WARD 11D,1025,น้ำยาหมด,31,2024-04-11,33,2024-05-14
WARD 11D,1024,น้ำยาหมด,29,2024-04-11,33,2024-05-14
WARD 11D,1023,น้ำยาหมด,36,2024-04-11,33,2024-05-14
WARD 11D,1021,น้ำยาหมด,40,2024-04-12,33,2024-05-15
WARD 11D,1022,น้ำยาหมด,25,2024-04-12,33,2024-05-15
WARD 11D,1015,น้ำยาหมด,28,2024-04-13,33,2024-05-16
WARD 11D,1020,น้ำยาหมด,36,2024-04-13,33,2024-05-16
WARD 11D,1019,น้ำยาหมด,35,2024-04-13,33,2024-05-16
WARD 11D,1018,น้ำยาหมด,25,2024-04-13,33,2024-05-16
WARD 10D,1010,น้ำยาหมด,33,2024-04-13,33,2024-05-16
WARD 11D,1011,น้ำยาหมด,34,2024-04-13,33,2024-05-16
WARD 11D,1012,น้ำยาหมด,35,2024-04-13,33,2024-05-16
WARD 11D,1017,น้ำยาหมด,40,2024-04-13,33,2024-05-16
WARD 11D,1014,น้ำยาหมด,23,2024-04-13,33,2024-05-16
WARD 11D,1016,น้ำยาหมด,30,2024-04-13,33,2024-05-16
WARD 11D,1013,น้ำยาหมด,35,2024-04-13,33,2024-05-16
SKIN CLINIC(ผิวหนัง),997,น้ำยาหมด,40,2024-04-14,33,2024-05-17
WARD 10D,1002,น้ำยาหมด,25,2024-04-14,33,2024-05-17
WARD 10D,1009,น้ำยาหมด,25,2024-04-14,33,2024-05-17
WARD 10D,1008,น้ำยาหมด,45,2024-04-14,33,2024-05-17
WARD 10D,1007,น้ำยาหมด,35,2024-04-14,33,2024-05-17
WARD 10D,1006,น้ำยาหมด,32,2024-04-14,33,2024-05-17
WARD 10D,1005,น้ำยาหมด,31,2024-04-14,33,2024-05-17
WARD 10D,1004,น้ำยาหมด,29,2024-04-14,33,2024-05-17
WARD 10D,1003,น้ำยาหมด,36,2024-04-14,33,2024-05-17
WARD 10D,1001,น้ำยาหมด,40,2024-04-14,33,2024-05-17
WARD 10D,1000,น้ำยาหมด,36,2024-04-14,33,2024-05-17
WARD 10D,999,น้ำยาหมด,35,2024-04-14,33,2024-05-17
WARD 10D,998,น้ำยาหมด,25,2024-04-14,33,2024-05-17
SKIN CLINIC(ผิวหนัง),995,น้ำยาหมด,28,2024-04-16,33,2024-05-19
SKIN CLINIC(ผิวหนัง),991,น้ำยาหมด,34,2024-04-16,33,2024-05-19
SKIN CLINIC(ผิวหนัง),994,น้ำยาหมด,23,2024-04-16,33,2024-05-19
SKIN CLINIC(ผิวหนัง),996,น้ำยาหมด,30,2024-04-16,33,2024-05-19
SKIN CLINIC(ผิวหนัง),992,น้ำยาหมด,35,2024-04-16,33,2024-05-19
SKIN CLINIC(ผิวหนัง),990,น้ำยาหมด,33,2024-04-16,33,2024-05-19
SKIN CLINIC(ผิวหนัง),993,น้ำยาหมด,35,2024-04-16,33,2024-05-19
SKIN CLINIC(ผิวหนัง),989,น้ำยาหมด,25,2024-04-16,33,2024-05-19
SKIN CLINIC(ผิวหนัง),988,น้ำยาหมด,45,2024-04-16,33,2024-05-19
SKIN CLINIC(ผิวหนัง),987,น้ำยาหมด,35,2024-04-16,33,2024-05-19
SKIN CLINIC(ผิวหนัง),986,น้ำยาหมด,32,2024-04-16,33,2024-05-19
SKIN CLINIC(ผิวหนัง),985,น้ำยาหมด,31,2024-04-16,33,2024-05-19
SKIN CLINIC(ผิวหนัง),984,น้ำยาหมด,29,2024-04-17,33,2024-05-20
SKIN CLINIC(ผิวหนัง),983,น้ำยาหมด,36,2024-04-17,33,2024-05-20
SKIN CLINIC(ผิวหนัง),982,น้ำยาหมด,25,2024-04-17,33,2024-05-20
SKIN CLINIC(ผิวหนัง),981,น้ำยาหมด,40,2024-04-17,33,2024-05-20
SKIN CLINIC(ผิวหนัง),980,น้ำยาหมด,36,2024-04-17,33,2024-05-20
SKIN CLINIC(ผิวหนัง),979,น้ำยาหมด,35,2024-04-17,33,2024-05-20
SKIN CLINIC(ผิวหนัง),973,น้ำยาหมด,35,2024-04-18,41,2024-05-29
SKIN CLINIC(ผิวหนัง),978,น้ำยาหมด,25,2024-04-18,33,2024-05-21
SKIN CLINIC(ผิวหนัง),977,น้ำยาหมด,40,2024-04-18,33,2024-05-21
SKIN CLINIC(ผิวหนัง),976,น้ำยาหมด,30,2024-04-18,33,2024-05-21
SKIN CLINIC(ผิวหนัง),975,น้ำยาหมด,28,2024-04-18,33,2024-05-21
SKIN CLINIC(ผิวหนัง),972,น้ำยาหมด,35,2024-04-18,41,2024-05-29
SKIN CLINIC(ผิวหนัง),974,น้ำยาหมด,23,2024-04-18,41,2024-05-29
OR HEART(ผ่าตัดหัวใจ),963,น้ำยาหมด,36,2024-04-19,41,2024-05-30
OR HEART(ผ่าตัดหัวใจ),964,น้ำยาหมด,29,2024-04-19,41,2024-05-30
OR HEART(ผ่าตัดหัวใจ),965,น้ำยาหมด,31,2024-04-19,41,2024-05-30
OR HEART(ผ่าตัดหัวใจ),966,น้ำยาหมด,32,2024-04-19,41,2024-05-30
OR HEART(ผ่าตัดหัวใจ),967,น้ำยาหมด,35,2024-04-19,41,2024-05-30
OR HEART(ผ่าตัดหัวใจ),968,น้ำยาหมด,45,2024-04-19,41,2024-05-30
SKIN CLINIC(ผิวหนัง),970,น้ำยาหมด,33,2024-04-19,41,2024-05-30
SKIN CLINIC(ผิวหนัง),971,น้ำยาหมด,34,2024-04-19,41,2024-05-30
OR HEART(ผ่าตัดหัวใจ),969,น้ำยาหมด,25,2024-04-19,41,2024-05-30
OR HEART(ผ่าตัดหัวใจ),961,น้ำยาหมด,40,2024-04-20,41,2024-05-31
OR HEART(ผ่าตัดหัวใจ),960,น้ำยาหมด,36,2024-04-20,41,2024-05-31
OR HEART(ผ่าตัดหัวใจ),962,น้ำยาหมด,25,2024-04-20,41,2024-05-31
OR HEART(ผ่าตัดหัวใจ),959,น้ำยาหมด,35,2024-04-20,41,2024-05-31
OR HEART(ผ่าตัดหัวใจ),958,น้ำยาหมด,25,2024-04-20,41,2024-05-31
OR HEART(ผ่าตัดหัวใจ),957,น้ำยาหมด,40,2024-04-20,41,2024-05-31
OR HEART(ผ่าตัดหัวใจ),956,น้ำยาหมด,30,2024-04-20,39,2024-05-29
OR HEART(ผ่าตัดหัวใจ),955,น้ำยาหมด,28,2024-04-20,39,2024-05-29
OR HEART(ผ่าตัดหัวใจ),954,น้ำยาหมด,23,2024-04-21,37,2024-05-28
OR HEART(ผ่าตัดหัวใจ),953,น้ำยาหมด,35,2024-04-21,37,2024-05-28
OR HEART(ผ่าตัดหัวใจ),952,น้ำยาหมด,35,2024-04-21,37,2024-05-28
OR HEART(ผ่าตัดหัวใจ),951,น้ำยาหมด,34,2024-04-21,37,2024-05-28
OR HEART(ผ่าตัดหัวใจ),950,น้ำยาหมด,33,2024-04-21,37,2024-05-28
OR HEART(ผ่าตัดหัวใจ),949,น้ำยาหมด,25,2024-04-21,37,2024-05-28
OR HEART(ผ่าตัดหัวใจ),943,น้ำยาหมด,36,2024-04-21,37,2024-05-28
OR HEART(ผ่าตัดหัวใจ),948,น้ำยาหมด,45,2024-04-21,37,2024-05-28
OR HEART(ผ่าตัดหัวใจ),946,น้ำยาหมด,32,2024-04-21,37,2024-05-28
OR HEART(ผ่าตัดหัวใจ),945,น้ำยาหมด,31,2024-04-21,37,2024-05-28
OR HEART(ผ่าตัดหัวใจ),944,น้ำยาหมด,29,2024-04-21,37,2024-05-28
OR HEART(ผ่าตัดหัวใจ),947,น้ำยาหมด,35,2024-04-21,37,2024-05-28
OR 3D (ห้องผ่าตัด),933,น้ำยาหมด,35,2024-04-22,34,2024-05-26
OR 3D (ห้องผ่าตัด),934,น้ำยาหมด,23,2024-04-22,34,2024-05-26
OR 3D (ห้องผ่าตัด),935,น้ำยาหมด,28,2024-04-22,34,2024-05-26
OR 3D (ห้องผ่าตัด),936,น้ำยาหมด,30,2024-04-22,34,2024-05-26
OR 3D (ห้องผ่าตัด),937,น้ำยาหมด,40,2024-04-22,34,2024-05-26
OR 3D (ห้องผ่าตัด),938,น้ำยาหมด,25,2024-04-22,34,2024-05-26
OR 3D (ห้องผ่าตัด),939,น้ำยาหมด,35,2024-04-22,34,2024-05-26
OR HEART(ผ่าตัดหัวใจ),940,น้ำยาหมด,36,2024-04-22,37,2024-05-29
OR HEART(ผ่าตัดหัวใจ),941,น้ำยาหมด,40,2024-04-22,37,2024-05-29
OR HEART(ผ่าตัดหัวใจ),942,น้ำยาหมด,25,2024-04-22,37,2024-05-29
OR 3D (ห้องผ่าตัด),918,น้ำยาหมด,25,2024-04-23,34,2024-05-27
OR 3D (ห้องผ่าตัด),923,น้ำยาหมด,36,2024-04-23,34,2024-05-27
OR 3D (ห้องผ่าตัด),931,น้ำยาหมด,34,2024-04-23,34,2024-05-27
OR 3D (ห้องผ่าตัด),930,น้ำยาหมด,33,2024-04-23,34,2024-05-27
OR 3D (ห้องผ่าตัด),929,น้ำยาหมด,25,2024-04-23,34,2024-05-27
OR 3D (ห้องผ่าตัด),928,น้ำยาหมด,45,2024-04-23,34,2024-05-27
OR 3D (ห้องผ่าตัด),927,น้ำยาหมด,35,2024-04-23,34,2024-05-27
OR 3D (ห้องผ่าตัด),925,น้ำยาหมด,31,2024-04-23,34,2024-05-27
OR 3D (ห้องผ่าตัด),926,น้ำยาหมด,32,2024-04-23,34,2024-05-27
OR 3D (ห้องผ่าตัด),932,น้ำยาหมด,35,2024-04-23,34,2024-05-27
OR 3D (ห้องผ่าตัด),924,น้ำยาหมด,29,2024-04-23,34,2024-05-27
OR 3D (ห้องผ่าตัด),919,น้ำยาหมด,35,2024-04-23,34,2024-05-27
OR 3D (ห้องผ่าตัด),920,น้ำยาหมด,36,2024-04-23,34,2024-05-27
OR 3D (ห้องผ่าตัด),921,น้ำยาหมด,40,2024-04-23,34,2024-05-27
OR 3D (ห้องผ่าตัด),922,น้ำยาหมด,25,2024-04-23,34,2024-05-27
OR 3D (ห้องผ่าตัด),917,น้ำยาหมด,40,2024-04-24,34,2024-05-28
OR 3D (ห้องผ่าตัด),915,น้ำยาหมด,28,2024-04-24,34,2024-05-28
OR 3D (ห้องผ่าตัด),914,น้ำยาหมด,23,2024-04-24,34,2024-05-28
OR 3D (ห้องผ่าตัด),916,น้ำยาหมด,30,2024-04-24,34,2024-05-28
OR 3D (ห้องผ่าตัด),911,น้ำยาหมด,34,2024-04-25,34,2024-05-29
CATH LAB,334,แบตเตอร์รี่หมด,158,2024-04-25,164,2024-10-06
CATH LAB,333,แบตเตอร์รี่หมด,189,2024-04-25,164,2024-10-06
MRI-R,1518,แบตเตอร์รี่หมด,180,2024-04-25,173,2024-10-15
MRI-R,1517,แบตเตอร์รี่หมด,150,2024-04-25,147,2024-09-19
MRI-R,1516,แบตเตอร์รี่หมด,130,2024-04-25,142,2024-09-14
OR 3D (ห้องผ่าตัด),913,น้ำยาหมด,35,2024-04-25,34,2024-05-29
OR 3D (ห้องผ่าตัด),912,น้ำยาหมด,35,2024-04-25,34,2024-05-29
OR 3D (ห้องผ่าตัด),910,น้ำยาหมด,33,2024-04-25,34,2024-05-29
OR 3D (ห้องผ่าตัด),909,น้ำยาหมด,25,2024-04-25,36,2024-05-31
OR 3D (ห้องผ่าตัด),908,น้ำยาหมด,45,2024-04-25,36,2024-05-31
OPD 5C,907,น้ำยาหมด,35,2024-04-25,34,2024-05-29
OPD 5C,904,น้ำยาหมด,29,2024-04-26,34,2024-05-30
OPD 5C,899,น้ำยาหมด,35,2024-04-26,34,2024-05-30
OPD 5C,898,น้ำยาหมด,25,2024-04-26,34,2024-05-30
OPD 5C,902,น้ำยาหมด,25,2024-04-26,34,2024-05-30
MRI-D,1510,แบตเตอร์รี่หมด,125,2024-04-26,141,2024-09-14
DENTAL (ทันตกรรม),413,แบตเตอร์รี่หมด,169,2024-04-26,154,2024-09-27
DENTAL (ทันตกรรม),414,แบตเตอร์รี่หมด,196,2024-04-26,154,2024-09-27
DENTAL (ทันตกรรม),415,แบตเตอร์รี่หมด,125,2024-04-26,154,2024-09-27
OPD 5C,901,น้ำยาหมด,40,2024-04-26,34,2024-05-30
OPD 5C,903,น้ำยาหมด,36,2024-04-26,34,2024-05-30
OPD 5C,900,น้ำยาหมด,36,2024-04-26,34,2024-05-30
OPD 5C,905,น้ำยาหมด,31,2024-04-26,34,2024-05-30
OPD 5C,906,น้ำยาหมด,32,2024-04-26,34,2024-05-30
MRI-R,1515,แบตเตอร์รี่หมด,169,2024-04-26,151,2024-09-24
MRI-R,1514,แบตเตอร์รี่หมด,153,2024-04-26,148,2024-09-21
MRI-D,1513,แบตเตอร์รี่หมด,157,2024-04-26,148,2024-09-21
MRI-D,1512,แบตเตอร์รี่หมด,156,2024-04-26,148,2024-09-21
MRI-D,1511,แบตเตอร์รี่หมด,146,2024-04-26,148,2024-09-21
DENTAL (ทันตกรรม),418,แบตเตอร์รี่หมด,156,2024-04-26,154,2024-09-27
OPD 5C,880,น้ำยาหมด,36,2024-04-27,35,2024-06-01
OPD 5C,881,น้ำยาหมด,40,2024-04-27,35,2024-06-01
OPD 5C,896,น้ำยาหมด,30,2024-04-27,34,2024-05-31
OPD 5C,895,น้ำยาหมด,28,2024-04-27,34,2024-05-31
OPD 5C,894,น้ำยาหมด,23,2024-04-27,34,2024-05-31
OPD 5C,893,น้ำยาหมด,35,2024-04-27,34,2024-05-31
OPD 5C,892,น้ำยาหมด,35,2024-04-27,34,2024-05-31
OPD 5C,891,น้ำยาหมด,34,2024-04-27,34,2024-05-31
OPD 5C,890,น้ำยาหมด,33,2024-04-27,34,2024-05-31
OPD 5C,889,น้ำยาหมด,25,2024-04-27,34,2024-05-31
OPD 5C,888,น้ำยาหมด,45,2024-04-27,34,2024-05-31
OPD 5C,887,น้ำยาหมด,35,2024-04-27,34,2024-05-31
OPD 5C,886,น้ำยาหมด,32,2024-04-27,34,2024-05-31
OPD 5C,885,น้ำยาหมด,31,2024-04-27,34,2024-05-31
OPD 5C,884,น้ำยาหมด,29,2024-04-27,34,2024-05-31
OPD 5C,897,น้ำยาหมด,40,2024-04-27,34,2024-05-31
OPD 5C,883,น้ำยาหมด,36,2024-04-27,35,2024-06-01
OPD 5C,882,น้ำยาหมด,25,2024-04-27,35,2024-06-01
OPD 5C,879,น้ำยาหมด,35,2024-04-27,32,2024-05-29
OPD 5C,878,น้ำยาหมด,25,2024-04-27,32,2024-05-29
OPD 5C,877,น้ำยาหมด,40,2024-04-27,36,2024-06-02
OPD 5C,876,น้ำยาหมด,30,2024-04-27,32,2024-05-29
OPD 5C,875,น้ำยาหมด,28,2024-04-27,31,2024-05-28
NICU(เด็กภาวะวิกฤติ),866,น้ำยาหมด,55,2024-04-28,49,2024-06-16
NICU(เด็กภาวะวิกฤติ),858,น้ำยาหมด,52,2024-04-28,49,2024-06-16
NICU(เด็กภาวะวิกฤติ),857,น้ำยาหมด,44,2024-04-28,49,2024-06-16
NICU(เด็กภาวะวิกฤติ),856,น้ำยาหมด,43,2024-04-28,49,2024-06-16
NICU(เด็กภาวะวิกฤติ),855,น้ำยาหมด,42,2024-04-28,49,2024-06-16
NICU(เด็กภาวะวิกฤติ),854,น้ำยาหมด,25,2024-04-28,46,2024-06-13
NICU(เด็กภาวะวิกฤติ),861,น้ำยาหมด,44,2024-04-28,49,2024-06-16
NICU(เด็กภาวะวิกฤติ),862,น้ำยาหมด,52,2024-04-28,49,2024-06-16
NICU(เด็กภาวะวิกฤติ),863,น้ำยาหมด,63,2024-04-28,49,2024-06-16
NICU(เด็กภาวะวิกฤติ),864,น้ำยาหมด,45,2024-04-28,49,2024-06-16
NICU(เด็กภาวะวิกฤติ),867,น้ำยาหมด,25,2024-04-28,44,2024-06-11
NICU(เด็กภาวะวิกฤติ),860,น้ำยาหมด,43,2024-04-28,49,2024-06-16
NICU(เด็กภาวะวิกฤติ),859,น้ำยาหมด,63,2024-04-28,49,2024-06-16
NICU(เด็กภาวะวิกฤติ),868,น้ำยาหมด,42,2024-04-28,44,2024-06-11
NICU(เด็กภาวะวิกฤติ),869,น้ำยาหมด,43,2024-04-28,44,2024-06-11
NICU(เด็กภาวะวิกฤติ),870,น้ำยาหมด,44,2024-04-28,44,2024-06-11
NICU(เด็กภาวะวิกฤติ),871,น้ำยาหมด,52,2024-04-28,45,2024-06-12
NICU(เด็กภาวะวิกฤติ),872,น้ำยาหมด,63,2024-04-28,47,2024-06-14
NICU(เด็กภาวะวิกฤติ),873,น้ำยาหมด,35,2024-04-28,37,2024-06-04
NICU(เด็กภาวะวิกฤติ),874,น้ำยาหมด,23,2024-04-28,37,2024-06-04
NICU(เด็กภาวะวิกฤติ),865,น้ำยาหมด,67,2024-04-28,49,2024-06-16
IMAGING,1415,แบตเตอร์รี่หมด,153,2024-04-29,157,2024-10-03
NICU(เด็กภาวะวิกฤติ),837,น้ำยาหมด,63,2024-04-29,49,2024-06-17
NICU(เด็กภาวะวิกฤติ),848,น้ำยาหมด,44,2024-04-29,49,2024-06-17
NICU(เด็กภาวะวิกฤติ),847,น้ำยาหมด,43,2024-04-29,49,2024-06-17
MRI-D,1507,แบตเตอร์รี่หมด,169,2024-04-29,163,2024-10-09
NICU(เด็กภาวะวิกฤติ),845,น้ำยาหมด,52,2024-04-29,49,2024-06-17
NICU(เด็กภาวะวิกฤติ),844,น้ำยาหมด,44,2024-04-29,49,2024-06-17
NICU(เด็กภาวะวิกฤติ),843,น้ำยาหมด,43,2024-04-29,49,2024-06-17
NICU(เด็กภาวะวิกฤติ),842,น้ำยาหมด,42,2024-04-29,49,2024-06-17
NICU(เด็กภาวะวิกฤติ),841,น้ำยาหมด,25,2024-04-29,49,2024-06-17
NICU(เด็กภาวะวิกฤติ),840,น้ำยาหมด,55,2024-04-29,49,2024-06-17
MRI-D,1509,แบตเตอร์รี่หมด,125,2024-04-29,141,2024-09-17
MRI-D,1508,แบตเตอร์รี่หมด,196,2024-04-29,167,2024-10-13
NICU(เด็กภาวะวิกฤติ),849,น้ำยาหมด,52,2024-04-29,49,2024-06-17
MRI-D,1506,แบตเตอร์รี่หมด,134,2024-04-29,159,2024-10-05
NICU(เด็กภาวะวิกฤติ),846,น้ำยาหมด,63,2024-04-29,49,2024-06-17
NICU(เด็กภาวะวิกฤติ),850,น้ำยาหมด,63,2024-04-29,49,2024-06-17
DENTAL (ทันตกรรม),402,แบตเตอร์รี่หมด,153,2024-04-29,160,2024-10-06
NICU(เด็กภาวะวิกฤติ),852,น้ำยาหมด,67,2024-04-29,50,2024-06-18
DENTAL (ทันตกรรม),412,แบตเตอร์รี่หมด,134,2024-04-29,154,2024-09-30
DENTAL (ทันตกรรม),411,แบตเตอร์รี่หมด,156,2024-04-29,154,2024-09-30
DENTAL (ทันตกรรม),410,แบตเตอร์รี่หมด,199,2024-04-29,160,2024-10-06
DENTAL (ทันตกรรม),409,แบตเตอร์รี่หมด,174,2024-04-29,160,2024-10-06
DENTAL (ทันตกรรม),408,แบตเตอร์รี่หมด,158,2024-04-29,160,2024-10-06
DENTAL (ทันตกรรม),407,แบตเตอร์รี่หมด,189,2024-04-29,162,2024-10-08
DENTAL (ทันตกรรม),406,แบตเตอร์รี่หมด,180,2024-04-29,162,2024-10-08
DENTAL (ทันตกรรม),405,แบตเตอร์รี่หมด,150,2024-04-29,162,2024-10-08
DENTAL (ทันตกรรม),404,แบตเตอร์รี่หมด,130,2024-04-29,162,2024-10-08
DENTAL (ทันตกรรม),403,แบตเตอร์รี่หมด,169,2024-04-29,162,2024-10-08
MRI-D,1505,แบตเตอร์รี่หมด,156,2024-04-29,162,2024-10-08
DENTAL (ทันตกรรม),401,แบตเตอร์รี่หมด,157,2024-04-29,153,2024-09-29
DENTAL (ทันตกรรม),400,แบตเตอร์รี่หมด,156,2024-04-29,152,2024-09-28
DENTAL (ทันตกรรม),399,แบตเตอร์รี่หมด,146,2024-04-29,152,2024-09-28
NICU(เด็กภาวะวิกฤติ),853,น้ำยาหมด,55,2024-04-29,50,2024-06-18
NICU(เด็กภาวะวิกฤติ),851,น้ำยาหมด,45,2024-04-29,49,2024-06-17
MRI-D,1504,แบตเตอร์รี่หมด,199,2024-04-29,162,2024-10-08
MRI-D,1503,แบตเตอร์รี่หมด,174,2024-04-29,162,2024-10-08
MRI-D,1502,แบตเตอร์รี่หมด,158,2024-04-29,162,2024-10-08
NICU(เด็กภาวะวิกฤติ),839,น้ำยาหมด,67,2024-04-29,49,2024-06-17
NICU(เด็กภาวะวิกฤติ),834,น้ำยาหมด,43,2024-04-29,49,2024-06-17
NICU(เด็กภาวะวิกฤติ),835,น้ำยาหมด,44,2024-04-29,49,2024-06-17
NICU(เด็กภาวะวิกฤติ),836,น้ำยาหมด,52,2024-04-29,49,2024-06-17
NICU(เด็กภาวะวิกฤติ),838,น้ำยาหมด,45,2024-04-29,49,2024-06-17
IMAGING,1417,แบตเตอร์รี่หมด,130,2024-04-29,157,2024-10-03
MRI-D,1499,แบตเตอร์รี่หมด,150,2024-04-29,158,2024-10-04
MRI-D,1500,แบตเตอร์รี่หมด,180,2024-04-29,162,2024-10-08
MRI-D,1501,แบตเตอร์รี่หมด,189,2024-04-29,162,2024-10-08
IMAGING,1416,แบตเตอร์รี่หมด,169,2024-04-29,157,2024-10-03
LR (ห้องคลอด),816,น้ำยาหมด,42,2024-04-30,49,2024-06-18
NICU(เด็กภาวะวิกฤติ),817,น้ำยาหมด,43,2024-04-30,49,2024-06-18
NICU(เด็กภาวะวิกฤติ),818,น้ำยาหมด,44,2024-04-30,49,2024-06-18
NICU(เด็กภาวะวิกฤติ),819,น้ำยาหมด,52,2024-04-30,49,2024-06-18
NICU(เด็กภาวะวิกฤติ),820,น้ำยาหมด,63,2024-04-30,49,2024-06-18
NICU(เด็กภาวะวิกฤติ),821,น้ำยาหมด,43,2024-04-30,49,2024-06-18
NICU(เด็กภาวะวิกฤติ),822,น้ำยาหมด,44,2024-04-30,49,2024-06-18
NICU(เด็กภาวะวิกฤติ),823,น้ำยาหมด,52,2024-04-30,49,2024-06-18
NICU(เด็กภาวะวิกฤติ),826,น้ำยาหมด,67,2024-04-30,49,2024-06-18
NICU(เด็กภาวะวิกฤติ),825,น้ำยาหมด,45,2024-04-30,49,2024-06-18
NICU(เด็กภาวะวิกฤติ),827,น้ำยาหมด,55,2024-04-30,49,2024-06-18
NICU(เด็กภาวะวิกฤติ),828,น้ำยาหมด,25,2024-04-30,49,2024-06-18
NICU(เด็กภาวะวิกฤติ),829,น้ำยาหมด,42,2024-04-30,49,2024-06-18
NICU(เด็กภาวะวิกฤติ),830,น้ำยาหมด,43,2024-04-30,49,2024-06-18
NICU(เด็กภาวะวิกฤติ),831,น้ำยาหมด,44,2024-04-30,49,2024-06-18
NICU(เด็กภาวะวิกฤติ),832,น้ำยาหมด,52,2024-04-30,49,2024-06-18
NICU(เด็กภาวะวิกฤติ),833,น้ำยาหมด,63,2024-04-30,49,2024-06-18
NICU(เด็กภาวะวิกฤติ),824,น้ำยาหมด,63,2024-04-30,49,2024-06-18
LR (ห้องคลอด),812,น้ำยาหมด,45,2024-05-01,49,2024-06-19
LR (ห้องคลอด),815,น้ำยาหมด,25,2024-05-01,49,2024-06-19
LR (ห้องคลอด),814,น้ำยาหมด,55,2024-05-01,49,2024-06-19
LR (ห้องคลอด),813,น้ำยาหมด,67,2024-05-01,49,2024-06-19
LR (ห้องคลอด),811,น้ำยาหมด,63,2024-05-01,49,2024-06-19
LR (ห้องคลอด),807,น้ำยาหมด,63,2024-05-01,49,2024-06-19
LR (ห้องคลอด),809,น้ำยาหมด,44,2024-05-01,49,2024-06-19
LR (ห้องคลอด),810,น้ำยาหมด,52,2024-05-01,49,2024-06-19
LR (ห้องคลอด),798,น้ำยาหมด,63,2024-05-01,49,2024-06-19
LR (ห้องคลอด),800,น้ำยาหมด,67,2024-05-01,49,2024-06-19
LR (ห้องคลอด),801,น้ำยาหมด,55,2024-05-01,49,2024-06-19
LR (ห้องคลอด),802,น้ำยาหมด,25,2024-05-01,49,2024-06-19
LR (ห้องคลอด),799,น้ำยาหมด,45,2024-05-01,49,2024-06-19
LR (ห้องคลอด),804,น้ำยาหมด,43,2024-05-01,49,2024-06-19
LR (ห้องคลอด),805,น้ำยาหมด,44,2024-05-01,49,2024-06-19
LR (ห้องคลอด),806,น้ำยาหมด,52,2024-05-01,49,2024-06-19
LR (ห้องคลอด),808,น้ำยาหมด,43,2024-05-01,49,2024-06-19
LR (ห้องคลอด),803,น้ำยาหมด,42,2024-05-01,49,2024-06-19
linen,787,น้ำยาหมด,67,2024-05-02,49,2024-06-20
linen,782,น้ำยาหมด,43,2024-05-02,49,2024-06-20
linen,783,น้ำยาหมด,44,2024-05-02,49,2024-06-20
linen,784,น้ำยาหมด,52,2024-05-02,49,2024-06-20
linen,785,น้ำยาหมด,63,2024-05-02,49,2024-06-20
linen,786,น้ำยาหมด,45,2024-05-02,49,2024-06-20
linen,788,น้ำยาหมด,55,2024-05-02,49,2024-06-20
LR (ห้องคลอด),794,น้ำยาหมด,63,2024-05-02,49,2024-06-20
linen,790,น้ำยาหมด,42,2024-05-02,49,2024-06-20
LR (ห้องคลอด),791,น้ำยาหมด,43,2024-05-02,49,2024-06-20
LR (ห้องคลอด),792,น้ำยาหมด,44,2024-05-02,49,2024-06-20
LR (ห้องคลอด),793,น้ำยาหมด,52,2024-05-02,49,2024-06-20
LR (ห้องคลอด),795,น้ำยาหมด,43,2024-05-02,49,2024-06-20
LR (ห้องคลอด),797,น้ำยาหมด,52,2024-05-02,49,2024-06-20
linen,789,น้ำยาหมด,25,2024-05-02,49,2024-06-20
LR (ห้องคลอด),796,น้ำยาหมด,44,2024-05-02,49,2024-06-20
LASIX (ศูนย์ตา),760,น้ำยาหมด,45,2024-05-03,49,2024-06-21
LASIX (ศูนย์ตา),757,น้ำยาหมด,44,2024-05-03,49,2024-06-21
LASIX (ศูนย์ตา),756,น้ำยาหมด,43,2024-05-03,49,2024-06-21
LASIX (ศูนย์ตา),758,น้ำยาหมด,52,2024-05-03,49,2024-06-21
LASIX (ศูนย์ตา),759,น้ำยาหมด,63,2024-05-03,49,2024-06-21
LASIX (ศูนย์ตา),761,น้ำยาหมด,67,2024-05-03,49,2024-06-21
LASIX (ศูนย์ตา),762,น้ำยาหมด,55,2024-05-03,49,2024-06-21
LASIX (ศูนย์ตา),763,น้ำยาหมด,25,2024-05-03,49,2024-06-21
LASIX (ศูนย์ตา),764,น้ำยาหมด,42,2024-05-03,49,2024-06-21
LASIX (ศูนย์ตา),765,น้ำยาหมด,43,2024-05-03,49,2024-06-21
LASIX (ศูนย์ตา),767,น้ำยาหมด,52,2024-05-03,49,2024-06-21
linen,768,น้ำยาหมด,63,2024-05-03,49,2024-06-21
linen,769,น้ำยาหมด,43,2024-05-03,49,2024-06-21
LASIX (ศูนย์ตา),766,น้ำยาหมด,44,2024-05-03,49,2024-06-21
linen,771,น้ำยาหมด,52,2024-05-03,49,2024-06-21
linen,781,น้ำยาหมด,63,2024-05-03,49,2024-06-21
linen,770,น้ำยาหมด,44,2024-05-03,49,2024-06-21
linen,779,น้ำยาหมด,44,2024-05-03,49,2024-06-21
linen,778,น้ำยาหมด,43,2024-05-03,49,2024-06-21
linen,777,น้ำยาหมด,42,2024-05-03,49,2024-06-21
linen,780,น้ำยาหมด,52,2024-05-03,49,2024-06-21
linen,775,น้ำยาหมด,55,2024-05-03,49,2024-06-21
linen,774,น้ำยาหมด,67,2024-05-03,49,2024-06-21
linen,773,น้ำยาหมด,45,2024-05-03,49,2024-06-21
linen,772,น้ำยาหมด,63,2024-05-03,49,2024-06-21
linen,776,น้ำยาหมด,25,2024-05-03,49,2024-06-21
LASIX (ศูนย์ตา),746,น้ำยาหมด,63,2024-05-04,49,2024-06-22
HPC 3,738,น้ำยาหมด,42,2024-05-04,48,2024-06-21
HPC 3,739,น้ำยาหมด,43,2024-05-04,48,2024-06-21
HPC 3,740,น้ำยาหมด,44,2024-05-04,48,2024-06-21
HPC 3,741,น้ำยาหมด,52,2024-05-04,48,2024-06-21
HPC 3,742,น้ำยาหมด,63,2024-05-04,51,2024-06-24
HPC 3,743,น้ำยาหมด,43,2024-05-04,51,2024-06-24
HPC 3,744,น้ำยาหมด,44,2024-05-04,51,2024-06-24
LASIX (ศูนย์ตา),747,น้ำยาหมด,45,2024-05-04,49,2024-06-22
LASIX (ศูนย์ตา),745,น้ำยาหมด,52,2024-05-04,49,2024-06-22
LASIX (ศูนย์ตา),749,น้ำยาหมด,55,2024-05-04,49,2024-06-22
LASIX (ศูนย์ตา),750,น้ำยาหมด,25,2024-05-04,49,2024-06-22
LASIX (ศูนย์ตา),751,น้ำยาหมด,42,2024-05-04,49,2024-06-22
LASIX (ศูนย์ตา),752,น้ำยาหมด,43,2024-05-04,49,2024-06-22
LASIX (ศูนย์ตา),753,น้ำยาหมด,44,2024-05-04,49,2024-06-22
LASIX (ศูนย์ตา),754,น้ำยาหมด,52,2024-05-04,49,2024-06-22
LASIX (ศูนย์ตา),755,น้ำยาหมด,63,2024-05-04,49,2024-06-22
LASIX (ศูนย์ตา),748,น้ำยาหมด,67,2024-05-04,49,2024-06-22
HPC 3,732,น้ำยาหมด,52,2024-05-05,48,2024-06-22
HPC 3,737,น้ำยาหมด,25,2024-05-05,48,2024-06-22
HPC 3,736,น้ำยาหมด,55,2024-05-05,48,2024-06-22
HPC 3,735,น้ำยาหมด,67,2024-05-05,48,2024-06-22
HPC 3,734,น้ำยาหมด,45,2024-05-05,48,2024-06-22
HPC 3,733,น้ำยาหมด,63,2024-05-05,48,2024-06-22
HPC 3,731,น้ำยาหมด,44,2024-05-05,48,2024-06-22
HPC 3,730,น้ำยาหมด,43,2024-05-05,48,2024-06-22
HPC 3,729,น้ำยาหมด,63,2024-05-05,48,2024-06-22
HPC 3,716,น้ำยาหมด,63,2024-05-05,48,2024-06-22
HPC 3,718,น้ำยาหมด,44,2024-05-05,48,2024-06-22
HPC 3,719,น้ำยาหมด,52,2024-05-05,48,2024-06-22
HPC 3,720,น้ำยาหมด,63,2024-05-05,48,2024-06-22
HPC 3,721,น้ำยาหมด,45,2024-05-05,48,2024-06-22
HPC 3,722,น้ำยาหมด,67,2024-05-05,48,2024-06-22
HPC 3,717,น้ำยาหมด,43,2024-05-05,48,2024-06-22
HPC 3,724,น้ำยาหมด,25,2024-05-05,48,2024-06-22
HPC 3,725,น้ำยาหมด,42,2024-05-05,48,2024-06-22
HPC 3,726,น้ำยาหมด,43,2024-05-05,48,2024-06-22
HPC 3,727,น้ำยาหมด,44,2024-05-05,48,2024-06-22
HPC 3,728,น้ำยาหมด,52,2024-05-05,48,2024-06-22
HPC 3,723,น้ำยาหมด,55,2024-05-05,48,2024-06-22
HPC 2,701,น้ำยาหมด,44,2024-05-06,49,2024-06-24
HPC 2,702,น้ำยาหมด,52,2024-05-06,49,2024-06-24
HPC 2,703,น้ำยาหมด,63,2024-05-06,49,2024-06-24
HPC 2,704,น้ำยาหมด,43,2024-05-06,49,2024-06-24
HPC 2,707,น้ำยาหมด,63,2024-05-06,49,2024-06-24
HPC 2,706,น้ำยาหมด,52,2024-05-06,49,2024-06-24
HPC 2,708,น้ำยาหมด,45,2024-05-06,49,2024-06-24
HPC 2,709,น้ำยาหมด,67,2024-05-06,49,2024-06-24
HPC 2,700,น้ำยาหมด,43,2024-05-06,49,2024-06-24
HPC 2,705,น้ำยาหมด,44,2024-05-06,49,2024-06-24
HPC 3,711,น้ำยาหมด,25,2024-05-06,48,2024-06-23
HPC 3,710,น้ำยาหมด,55,2024-05-06,48,2024-06-23
HPC 3,715,น้ำยาหมด,52,2024-05-06,48,2024-06-23
HPC 3,714,น้ำยาหมด,44,2024-05-06,48,2024-06-23
HPC 3,713,น้ำยาหมด,43,2024-05-06,48,2024-06-23
HPC 3,712,น้ำยาหมด,42,2024-05-06,48,2024-06-23
HPC 2,687,น้ำยาหมด,43,2024-05-07,49,2024-06-25
HPC 2,679,น้ำยาหมด,44,2024-05-07,49,2024-06-25
HPC 2,680,น้ำยาหมด,52,2024-05-07,49,2024-06-25
HPC 2,681,น้ำยาหมด,63,2024-05-07,49,2024-06-25
HPC 2,682,น้ำยาหมด,45,2024-05-07,49,2024-06-25
HPC 2,683,น้ำยาหมด,67,2024-05-07,49,2024-06-25
HPC 2,684,น้ำยาหมด,55,2024-05-07,49,2024-06-25
HPC 2,685,น้ำยาหมด,25,2024-05-07,49,2024-06-25
HPC 2,699,น้ำยาหมด,42,2024-05-07,49,2024-06-25
HPC 2,697,น้ำยาหมด,55,2024-05-07,49,2024-06-25
HPC 2,696,น้ำยาหมด,67,2024-05-07,49,2024-06-25
HPC 2,695,น้ำยาหมด,45,2024-05-07,49,2024-06-25
HPC 2,694,น้ำยาหมด,63,2024-05-07,49,2024-06-25
HPC 2,693,น้ำยาหมด,52,2024-05-07,49,2024-06-25
HPC 2,692,น้ำยาหมด,44,2024-05-07,49,2024-06-25
HPC 2,691,น้ำยาหมด,43,2024-05-07,49,2024-06-25
HPC 2,690,น้ำยาหมด,63,2024-05-07,49,2024-06-25
HPC 2,689,น้ำยาหมด,52,2024-05-07,49,2024-06-25
HPC 2,688,น้ำยาหมด,44,2024-05-07,49,2024-06-25
HPC 2,698,น้ำยาหมด,25,2024-05-07,49,2024-06-25
HPC 2,686,น้ำยาหมด,42,2024-05-07,49,2024-06-25
HPC 1,678,น้ำยาหมด,43,2024-05-08,49,2024-06-26
HPC 1,662,น้ำยาหมด,52,2024-05-08,49,2024-06-26
HPC 1,676,น้ำยาหมด,63,2024-05-08,49,2024-06-26
HPC 1,675,น้ำยาหมด,52,2024-05-08,49,2024-06-26
HPC 1,674,น้ำยาหมด,44,2024-05-08,49,2024-06-26
HPC 1,673,น้ำยาหมด,43,2024-05-08,49,2024-06-26
HPC 1,672,น้ำยาหมด,42,2024-05-08,49,2024-06-26
HPC 1,671,น้ำยาหมด,25,2024-05-08,49,2024-06-26
HPC 1,670,น้ำยาหมด,55,2024-05-08,49,2024-06-26
HPC 1,669,น้ำยาหมด,67,2024-05-08,49,2024-06-26
HPC 1,668,น้ำยาหมด,45,2024-05-08,49,2024-06-26
HPC 1,667,น้ำยาหมด,63,2024-05-08,49,2024-06-26
HPC 1,666,น้ำยาหมด,52,2024-05-08,49,2024-06-26
HPC 1,665,น้ำยาหมด,44,2024-05-08,49,2024-06-26
HPC 1,677,น้ำยาหมด,63,2024-05-08,49,2024-06-26
HPC 1,664,น้ำยาหมด,43,2024-05-08,49,2024-06-26
HPC 1,663,น้ำยาหมด,63,2024-05-08,49,2024-06-26
HPC 1,647,น้ำยาหมด,44,2024-05-09,49,2024-06-27
HPC 1,661,น้ำยาหมด,44,2024-05-09,49,2024-06-27
HPC 1,660,น้ำยาหมด,43,2024-05-09,49,2024-06-27
HPC 1,659,น้ำยาหมด,42,2024-05-09,49,2024-06-27
HPC 1,658,น้ำยาหมด,25,2024-05-09,49,2024-06-27
HPC 1,657,น้ำยาหมด,55,2024-05-09,49,2024-06-27
HPC 1,656,น้ำยาหมด,67,2024-05-09,49,2024-06-27
HPC 1,655,น้ำยาหมด,45,2024-05-09,49,2024-06-27
HPC 1,654,น้ำยาหมด,63,2024-05-09,49,2024-06-27
HPC 1,653,น้ำยาหมด,52,2024-05-09,49,2024-06-27
HPC 1,652,น้ำยาหมด,44,2024-05-09,49,2024-06-27
HPC 1,651,น้ำยาหมด,43,2024-05-09,49,2024-06-27
HPC 1,650,น้ำยาหมด,45,2024-05-09,49,2024-06-27
HPC 1,646,น้ำยาหมด,43,2024-05-09,49,2024-06-27
HPC 1,649,น้ำยาหมด,63,2024-05-09,49,2024-06-27
HPC 1,648,น้ำยาหมด,52,2024-05-09,49,2024-06-27
HPC 1,642,น้ำยาหมด,67,2024-05-10,49,2024-06-28
HPC 1,641,น้ำยาหมด,45,2024-05-10,49,2024-06-28
HDC 6R,631,น้ำยาหมด,63,2024-05-10,51,2024-06-30
HDC 6R,632,น้ำยาหมด,45,2024-05-10,51,2024-06-30
HDC 6R,633,น้ำยาหมด,67,2024-05-10,51,2024-06-30
HDC 6R,634,น้ำยาหมด,55,2024-05-10,51,2024-06-30
HDC 6R,635,น้ำยาหมด,25,2024-05-10,46,2024-06-25
HPC 1,643,น้ำยาหมด,55,2024-05-10,49,2024-06-28
HPC 1,637,น้ำยาหมด,43,2024-05-10,49,2024-06-28
HPC 1,638,น้ำยาหมด,44,2024-05-10,49,2024-06-28
HPC 1,639,น้ำยาหมด,52,2024-05-10,49,2024-06-28
HPC 1,645,น้ำยาหมด,42,2024-05-10,49,2024-06-28
HPC 1,644,น้ำยาหมด,25,2024-05-10,49,2024-06-28
HPC 1,640,น้ำยาหมด,63,2024-05-10,49,2024-06-28
HDC 6R,636,น้ำยาหมด,42,2024-05-10,46,2024-06-25
HDC 6R,611,น้ำยาหมด,63,2024-05-11,51,2024-07-01
HDC 6R,612,น้ำยาหมด,45,2024-05-11,51,2024-07-01
HDC 6R,613,น้ำยาหมด,56,2024-05-11,51,2024-07-01
HDC 6R,614,น้ำยาหมด,48,2024-05-11,51,2024-07-01
HDC 6R,615,น้ำยาหมด,56,2024-05-11,51,2024-07-01
HDC 6R,616,น้ำยาหมด,55,2024-05-11,51,2024-07-01
HDC 6R,617,น้ำยาหมด,63,2024-05-11,51,2024-07-01
HDC 6R,618,น้ำยาหมด,42,2024-05-11,51,2024-07-01
HDC 6R,619,น้ำยาหมด,53,2024-05-11,51,2024-07-01
HDC 6R,622,น้ำยาหมด,66,2024-05-11,51,2024-07-01
HDC 6R,621,น้ำยาหมด,68,2024-05-11,51,2024-07-01
HDC 6R,623,น้ำยาหมด,67,2024-05-11,51,2024-07-01
HDC 6R,624,น้ำยาหมด,67,2024-05-11,51,2024-07-01
HDC 6R,625,น้ำยาหมด,55,2024-05-11,51,2024-07-01
HDC 6R,627,น้ำยาหมด,42,2024-05-11,51,2024-07-01
HDC 6R,628,น้ำยาหมด,43,2024-05-11,51,2024-07-01
HDC 6R,629,น้ำยาหมด,44,2024-05-11,51,2024-07-01
HDC 6R,630,น้ำยาหมด,52,2024-05-11,51,2024-07-01
HDC 6R,620,น้ำยาหมด,64,2024-05-11,51,2024-07-01
HDC 6R,626,น้ำยาหมด,25,2024-05-11,51,2024-07-01
HDC 5R,607,น้ำยาหมด,42,2024-05-11,49,2024-06-29
HDC 5R,609,น้ำยาหมด,44,2024-05-11,49,2024-06-29
HDC 5R,606,น้ำยาหมด,25,2024-05-11,49,2024-06-29
HDC 5R,605,น้ำยาหมด,55,2024-05-11,52,2024-07-02
HDC 5R,610,น้ำยาหมด,52,2024-05-11,49,2024-06-29
HDC 5R,608,น้ำยาหมด,43,2024-05-11,49,2024-06-29
HDC 5R,592,น้ำยาหมด,63,2024-05-12,52,2024-07-03
HDC 5R,604,น้ำยาหมด,67,2024-05-12,52,2024-07-03
HDC 5R,603,น้ำยาหมด,66,2024-05-12,52,2024-07-03
HDC 5R,602,น้ำยาหมด,68,2024-05-12,52,2024-07-03
HDC 5R,601,น้ำยาหมด,64,2024-05-12,52,2024-07-03
HDC 5R,600,น้ำยาหมด,53,2024-05-12,52,2024-07-03
HDC 5R,599,น้ำยาหมด,42,2024-05-12,52,2024-07-03
HDC 5R,598,น้ำยาหมด,63,2024-05-12,52,2024-07-03
HDC 5R,597,น้ำยาหมด,55,2024-05-12,52,2024-07-03
HDC 5R,596,น้ำยาหมด,56,2024-05-12,52,2024-07-03
HDC 5R,595,น้ำยาหมด,48,2024-05-12,52,2024-07-03
HDC 5R,594,น้ำยาหมด,56,2024-05-12,52,2024-07-03
HDC 5R,593,น้ำยาหมด,45,2024-05-12,52,2024-07-03
HDC 1R,572,น้ำยาหมด,52,2024-05-13,51,2024-07-03
HDC 1R,573,น้ำยาหมด,63,2024-05-13,51,2024-07-03
HDC 1R,575,น้ำยาหมด,56,2024-05-13,50,2024-07-02
HDC 1R,576,น้ำยาหมด,48,2024-05-13,50,2024-07-02
HDC 5R,590,น้ำยาหมด,44,2024-05-13,52,2024-07-04
HDC 1R,574,น้ำยาหมด,45,2024-05-13,50,2024-07-02
HDC 5R,588,น้ำยาหมด,42,2024-05-13,51,2024-07-03
HDC 5R,587,น้ำยาหมด,25,2024-05-13,51,2024-07-03
HDC 5R,586,น้ำยาหมด,55,2024-05-13,51,2024-07-03
HDC 5R,585,น้ำยาหมด,67,2024-05-13,54,2024-07-06
HDC 5R,584,น้ำยาหมด,66,2024-05-13,54,2024-07-06
HDC 5R,583,น้ำยาหมด,68,2024-05-13,54,2024-07-06
HDC 5R,582,น้ำยาหมด,64,2024-05-13,54,2024-07-06
HDC 1R,581,น้ำยาหมด,53,2024-05-13,50,2024-07-02
HDC 1R,580,น้ำยาหมด,42,2024-05-13,50,2024-07-02
HDC 1R,579,น้ำยาหมด,63,2024-05-13,50,2024-07-02
HDC 1R,578,น้ำยาหมด,55,2024-05-13,50,2024-07-02
HDC 1R,577,น้ำยาหมด,56,2024-05-13,50,2024-07-02
HDC 5R,591,น้ำยาหมด,52,2024-05-13,52,2024-07-04
HDC 5R,589,น้ำยาหมด,43,2024-05-13,51,2024-07-03
HDC 1R,570,น้ำยาหมด,43,2024-05-14,49,2024-07-02
7C พักแพทย์,558,น้ำยาหมด,56,2024-05-14,50,2024-07-03
7C พักแพทย์,554,น้ำยาหมด,63,2024-05-14,50,2024-07-03
7C พักแพทย์,555,น้ำยาหมด,45,2024-05-14,50,2024-07-03
7C พักแพทย์,556,น้ำยาหมด,56,2024-05-14,50,2024-07-03
7C พักแพทย์,557,น้ำยาหมด,48,2024-05-14,50,2024-07-03
7C พักแพทย์,559,น้ำยาหมด,55,2024-05-14,50,2024-07-03
7C พักแพทย์,560,น้ำยาหมด,63,2024-05-14,50,2024-07-03
7C พักแพทย์,553,น้ำยาหมด,52,2024-05-14,50,2024-07-03
7C พักแพทย์,561,น้ำยาหมด,42,2024-05-14,50,2024-07-03
7C พักแพทย์,563,น้ำยาหมด,64,2024-05-14,57,2024-07-10
7C พักแพทย์,564,น้ำยาหมด,68,2024-05-14,58,2024-07-11
7C พักแพทย์,565,น้ำยาหมด,66,2024-05-14,58,2024-07-11
HDC 1R,571,น้ำยาหมด,44,2024-05-14,49,2024-07-02
HDC 1R,569,น้ำยาหมด,42,2024-05-14,49,2024-07-02
HDC 1R,568,น้ำยาหมด,25,2024-05-14,49,2024-07-02
7C พักแพทย์,562,น้ำยาหมด,53,2024-05-14,50,2024-07-03
HDC 1R,567,น้ำยาหมด,55,2024-05-14,51,2024-07-04
7C พักแพทย์,566,น้ำยาหมด,67,2024-05-14,58,2024-07-11
7C พักแพทย์,545,น้ำยาหมด,68,2024-05-15,53,2024-07-07
7C พักแพทย์,544,น้ำยาหมด,64,2024-05-15,53,2024-07-07
7C พักแพทย์,552,น้ำยาหมด,44,2024-05-15,50,2024-07-04
7C พักแพทย์,551,น้ำยาหมด,43,2024-05-15,50,2024-07-04
7C พักแพทย์,550,น้ำยาหมด,42,2024-05-15,50,2024-07-04
7C พักแพทย์,549,น้ำยาหมด,25,2024-05-15,50,2024-07-04
7C พักแพทย์,548,น้ำยาหมด,55,2024-05-15,53,2024-07-07
7C พักแพทย์,546,น้ำยาหมด,66,2024-05-15,53,2024-07-07
7C พักแพทย์,547,น้ำยาหมด,67,2024-05-15,53,2024-07-07
7C พักแพทย์,539,น้ำยาหมด,56,2024-05-15,53,2024-07-07
7C พักแพทย์,540,น้ำยาหมด,55,2024-05-15,53,2024-07-07
7C พักแพทย์,541,น้ำยาหมด,63,2024-05-15,53,2024-07-07
7C พักแพทย์,542,น้ำยาหมด,42,2024-05-15,53,2024-07-07
7C พักแพทย์,543,น้ำยาหมด,53,2024-05-15,53,2024-07-07
7C พักแพทย์,534,น้ำยาหมด,52,2024-05-16,53,2024-07-08
7C พักแพทย์,538,น้ำยาหมด,48,2024-05-16,53,2024-07-08
7C พักแพทย์,536,น้ำยาหมด,45,2024-05-16,53,2024-07-08
7C พักแพทย์,537,น้ำยาหมด,56,2024-05-16,53,2024-07-08
7C พักแพทย์,533,น้ำยาหมด,44,2024-05-16,53,2024-07-08
7C พักแพทย์,535,น้ำยาหมด,63,2024-05-16,53,2024-07-08
EMERGENCY (ER),531,น้ำยาหมด,42,2024-05-16,40,2024-06-25
EMERGENCY (ER),530,น้ำยาหมด,25,2024-05-16,40,2024-06-25
EMERGENCY (ER),529,น้ำยาหมด,55,2024-05-16,53,2024-07-08
EMERGENCY (ER),528,น้ำยาหมด,67,2024-05-16,53,2024-07-08
EMERGENCY (ER),527,น้ำยาหมด,66,2024-05-16,53,2024-07-08
EMERGENCY (ER),526,น้ำยาหมด,68,2024-05-16,53,2024-07-08
EMERGENCY (ER),525,น้ำยาหมด,64,2024-05-16,53,2024-07-08
7C พักแพทย์,532,น้ำยาหมด,43,2024-05-16,53,2024-07-08
EMERGENCY (ER),519,น้ำยาหมด,48,2024-05-17,52,2024-07-08
EMERGENCY (ER),518,น้ำยาหมด,56,2024-05-17,52,2024-07-08
EMERGENCY (ER),517,น้ำยาหมด,45,2024-05-17,52,2024-07-08
EMERGENCY (ER),516,น้ำยาหมด,63,2024-05-17,52,2024-07-08
EMERGENCY (ER),515,น้ำยาหมด,52,2024-05-17,52,2024-07-08
EMERGENCY (ER),514,น้ำยาหมด,44,2024-05-17,52,2024-07-08
EMERGENCY (ER),513,น้ำยาหมด,43,2024-05-17,52,2024-07-08
EMERGENCY (ER),520,น้ำยาหมด,56,2024-05-17,52,2024-07-08
EMERGENCY (ER),511,น้ำยาหมด,25,2024-05-17,52,2024-07-08
EMERGENCY (ER),510,น้ำยาหมด,55,2024-05-17,52,2024-07-08
IMAGING,1414,แบตเตอร์รี่หมด,157,2024-05-17,157,2024-10-21
EMERGENCY (ER),506,น้ำยาหมด,64,2024-05-17,52,2024-07-08
EMERGENCY (ER),507,น้ำยาหมด,68,2024-05-17,52,2024-07-08
EMERGENCY (ER),508,น้ำยาหมด,66,2024-05-17,52,2024-07-08
EMERGENCY (ER),509,น้ำยาหมด,67,2024-05-17,52,2024-07-08
EMERGENCY (ER),512,น้ำยาหมด,42,2024-05-17,52,2024-07-08
IMAGING,1411,แบตเตอร์รี่หมด,125,2024-05-17,156,2024-10-20
DENTAL (ทันตกรรม),397,แบตเตอร์รี่หมด,125,2024-05-17,152,2024-10-16
IMAGING,1412,แบตเตอร์รี่หมด,146,2024-05-17,156,2024-10-20
IMAGING,1410,แบตเตอร์รี่หมด,125,2024-05-17,158,2024-10-22
IMAGING,1409,แบตเตอร์รี่หมด,196,2024-05-17,158,2024-10-22
IMAGING,1408,แบตเตอร์รี่หมด,169,2024-05-17,158,2024-10-22
IMAGING,1407,แบตเตอร์รี่หมด,134,2024-05-17,158,2024-10-22
IMAGING,1406,แบตเตอร์รี่หมด,156,2024-05-17,158,2024-10-22
IMAGING,1405,แบตเตอร์รี่หมด,199,2024-05-17,165,2024-10-29
IMAGING,1404,แบตเตอร์รี่หมด,174,2024-05-17,165,2024-10-29
HOUSE KEEPING UNIT (แม่บ้าน),1403,แบตเตอร์รี่หมด,158,2024-05-17,165,2024-10-29
EMERGENCY (ER),522,น้ำยาหมด,63,2024-05-17,53,2024-07-09
EMERGENCY (ER),523,น้ำยาหมด,42,2024-05-17,53,2024-07-09
EMERGENCY (ER),524,น้ำยาหมด,53,2024-05-17,53,2024-07-09
CSSD ,387,แบตเตอร์รี่หมด,150,2024-05-17,168,2024-11-01
IMAGING,1413,แบตเตอร์รี่หมด,156,2024-05-17,157,2024-10-21
CSSD ,389,แบตเตอร์รี่หมด,189,2024-05-17,168,2024-11-01
CSSD ,390,แบตเตอร์รี่หมด,158,2024-05-17,164,2024-10-28
CSSD ,391,แบตเตอร์รี่หมด,174,2024-05-17,164,2024-10-28
CSSD ,392,แบตเตอร์รี่หมด,199,2024-05-17,164,2024-10-28
CSSD ,393,แบตเตอร์รี่หมด,156,2024-05-17,158,2024-10-22
CSSD ,394,แบตเตอร์รี่หมด,134,2024-05-17,152,2024-10-16
DENTAL (ทันตกรรม),395,แบตเตอร์รี่หมด,169,2024-05-17,152,2024-10-16
DENTAL (ทันตกรรม),396,แบตเตอร์รี่หมด,196,2024-05-17,152,2024-10-16
DENTAL (ทันตกรรม),398,แบตเตอร์รี่หมด,125,2024-05-17,152,2024-10-16
CSSD ,388,แบตเตอร์รี่หมด,180,2024-05-17,168,2024-11-01
EMERGENCY (ER),521,น้ำยาหมด,55,2024-05-17,52,2024-07-08
DM(เบาหวาน),500,น้ำยาหมด,48,2024-05-18,51,2024-07-08
EMERGENCY (ER),502,น้ำยาหมด,55,2024-05-18,52,2024-07-09
EMERGENCY (ER),503,น้ำยาหมด,63,2024-05-18,52,2024-07-09
EMERGENCY (ER),504,น้ำยาหมด,42,2024-05-18,52,2024-07-09
EMERGENCY (ER),505,น้ำยาหมด,53,2024-05-18,52,2024-07-09
DM(เบาหวาน),485,น้ำยาหมด,66,2024-05-18,51,2024-07-08
DM(เบาหวาน),486,น้ำยาหมด,67,2024-05-18,51,2024-07-08
DM(เบาหวาน),487,น้ำยาหมด,55,2024-05-18,51,2024-07-08
DM(เบาหวาน),501,น้ำยาหมด,56,2024-05-18,51,2024-07-08
DM(เบาหวาน),489,น้ำยาหมด,42,2024-05-18,51,2024-07-08
DM(เบาหวาน),495,น้ำยาหมด,56,2024-05-18,51,2024-07-08
DM(เบาหวาน),488,น้ำยาหมด,25,2024-05-18,51,2024-07-08
DM(เบาหวาน),493,น้ำยาหมด,63,2024-05-18,51,2024-07-08
DM(เบาหวาน),492,น้ำยาหมด,52,2024-05-18,51,2024-07-08
DM(เบาหวาน),494,น้ำยาหมด,45,2024-05-18,51,2024-07-08
DM(เบาหวาน),491,น้ำยาหมด,44,2024-05-18,51,2024-07-08
DM(เบาหวาน),490,น้ำยาหมด,43,2024-05-18,51,2024-07-08
DM(เบาหวาน),483,น้ำยาหมด,64,2024-05-19,51,2024-07-09
DM(เบาหวาน),484,น้ำยาหมด,68,2024-05-19,51,2024-07-09
DM(เบาหวาน),481,น้ำยาหมด,42,2024-05-19,51,2024-07-09
DM(เบาหวาน),480,น้ำยาหมด,63,2024-05-19,51,2024-07-09
DM(เบาหวาน),482,น้ำยาหมด,53,2024-05-19,51,2024-07-09
DM(เบาหวาน),469,น้ำยาหมด,25,2024-05-20,51,2024-07-10
DM(เบาหวาน),470,น้ำยาหมด,42,2024-05-20,51,2024-07-10
DM(เบาหวาน),471,น้ำยาหมด,43,2024-05-20,51,2024-07-10
DM(เบาหวาน),473,น้ำยาหมด,52,2024-05-20,51,2024-07-10
DM(เบาหวาน),472,น้ำยาหมด,44,2024-05-20,51,2024-07-10
DM(เบาหวาน),475,น้ำยาหมด,45,2024-05-20,51,2024-07-10
DM(เบาหวาน),479,น้ำยาหมด,55,2024-05-20,51,2024-07-10
DM(เบาหวาน),474,น้ำยาหมด,63,2024-05-20,51,2024-07-10
DM(เบาหวาน),477,น้ำยาหมด,48,2024-05-20,51,2024-07-10
DM(เบาหวาน),476,น้ำยาหมด,56,2024-05-20,51,2024-07-10
DM(เบาหวาน),478,น้ำยาหมด,56,2024-05-20,51,2024-07-10
DM(เบาหวาน),468,น้ำยาหมด,55,2024-05-21,51,2024-07-11
DM(เบาหวาน),467,น้ำยาหมด,67,2024-05-21,51,2024-07-11
DM(เบาหวาน),466,น้ำยาหมด,66,2024-05-21,51,2024-07-11
DM(เบาหวาน),465,น้ำยาหมด,68,2024-05-21,51,2024-07-11
DM(เบาหวาน),464,น้ำยาหมด,64,2024-05-21,51,2024-07-11
DM(เบาหวาน),455,น้ำยาหมด,63,2024-05-21,51,2024-07-11
DM(เบาหวาน),462,น้ำยาหมด,42,2024-05-21,51,2024-07-11
DM(เบาหวาน),461,น้ำยาหมด,63,2024-05-21,51,2024-07-11
DM(เบาหวาน),460,น้ำยาหมด,55,2024-05-21,51,2024-07-11
DM(เบาหวาน),459,น้ำยาหมด,56,2024-05-21,51,2024-07-11
DM(เบาหวาน),458,น้ำยาหมด,48,2024-05-21,51,2024-07-11
DM(เบาหวาน),456,น้ำยาหมด,45,2024-05-21,51,2024-07-11
DM(เบาหวาน),463,น้ำยาหมด,53,2024-05-21,51,2024-07-11
DM(เบาหวาน),457,น้ำยาหมด,56,2024-05-21,51,2024-07-11
DM(เบาหวาน),452,น้ำยาหมด,43,2024-05-21,51,2024-07-11
DM(เบาหวาน),449,น้ำยาหมด,55,2024-05-21,51,2024-07-11
DM(เบาหวาน),454,น้ำยาหมด,52,2024-05-21,51,2024-07-11
DM(เบาหวาน),453,น้ำยาหมด,44,2024-05-21,51,2024-07-11
DM(เบาหวาน),450,น้ำยาหมด,25,2024-05-21,51,2024-07-11
DM(เบาหวาน),451,น้ำยาหมด,42,2024-05-21,51,2024-07-11
HOUSE KEEPING UNIT (แม่บ้าน),1401,แบตเตอร์รี่หมด,180,2024-05-22,154,2024-10-23
HOUSE KEEPING UNIT (แม่บ้าน),1402,แบตเตอร์รี่หมด,189,2024-05-22,165,2024-11-03
DENTAL (ทันตกรรม),444,น้ำยาหมด,53,2024-05-22,51,2024-07-12
DENTAL (ทันตกรรม),443,น้ำยาหมด,42,2024-05-22,51,2024-07-12
CSSD ,381,แบตเตอร์รี่หมด,146,2024-05-22,154,2024-10-23
CSSD ,379,แบตเตอร์รี่หมด,125,2024-05-22,154,2024-10-23
DENTAL (ทันตกรรม),441,น้ำยาหมด,55,2024-05-22,51,2024-07-12
DENTAL (ทันตกรรม),440,น้ำยาหมด,56,2024-05-22,51,2024-07-12
DENTAL (ทันตกรรม),439,น้ำยาหมด,48,2024-05-22,51,2024-07-12
DENTAL (ทันตกรรม),438,น้ำยาหมด,56,2024-05-22,51,2024-07-12
DENTAL (ทันตกรรม),437,น้ำยาหมด,45,2024-05-22,51,2024-07-12
DENTAL (ทันตกรรม),436,น้ำยาหมด,63,2024-05-22,51,2024-07-12
HOUSE KEEPING UNIT (แม่บ้าน),1400,แบตเตอร์รี่หมด,150,2024-05-22,154,2024-10-23
HOUSE KEEPING UNIT (แม่บ้าน),1399,แบตเตอร์รี่หมด,130,2024-05-22,153,2024-10-22
DENTAL (ทันตกรรม),442,น้ำยาหมด,63,2024-05-22,51,2024-07-12
CSSD ,382,แบตเตอร์รี่หมด,156,2024-05-22,154,2024-10-23
CSSD ,383,แบตเตอร์รี่หมด,157,2024-05-22,154,2024-10-23
CSSD ,385,แบตเตอร์รี่หมด,169,2024-05-22,165,2024-11-03
CSSD ,386,แบตเตอร์รี่หมด,130,2024-05-22,165,2024-11-03
CSSD ,384,แบตเตอร์รี่หมด,153,2024-05-22,159,2024-10-28
DENTAL (ทันตกรรม),447,น้ำยาหมด,66,2024-05-22,51,2024-07-12
DENTAL (ทันตกรรม),446,น้ำยาหมด,68,2024-05-22,51,2024-07-12
DENTAL (ทันตกรรม),445,น้ำยาหมด,64,2024-05-22,51,2024-07-12
DM(เบาหวาน),448,น้ำยาหมด,67,2024-05-22,51,2024-07-12
DENTAL (ทันตกรรม),423,น้ำยาหมด,63,2024-05-23,51,2024-07-13
DENTAL (ทันตกรรม),424,น้ำยาหมด,42,2024-05-23,51,2024-07-13
DENTAL (ทันตกรรม),425,น้ำยาหมด,53,2024-05-23,51,2024-07-13
DENTAL (ทันตกรรม),426,น้ำยาหมด,64,2024-05-23,51,2024-07-13
DENTAL (ทันตกรรม),427,น้ำยาหมด,68,2024-05-23,51,2024-07-13
DENTAL (ทันตกรรม),428,น้ำยาหมด,66,2024-05-23,51,2024-07-13
DENTAL (ทันตกรรม),429,น้ำยาหมด,67,2024-05-23,51,2024-07-13
DENTAL (ทันตกรรม),431,น้ำยาหมด,25,2024-05-23,51,2024-07-13
DENTAL (ทันตกรรม),432,น้ำยาหมด,42,2024-05-23,51,2024-07-13
DENTAL (ทันตกรรม),433,น้ำยาหมด,43,2024-05-23,51,2024-07-13
DENTAL (ทันตกรรม),434,น้ำยาหมด,44,2024-05-23,51,2024-07-13
DENTAL (ทันตกรรม),435,น้ำยาหมด,52,2024-05-23,51,2024-07-13
CSSD ,378,แบตเตอร์รี่หมด,125,2024-05-23,154,2024-10-24
DENTAL (ทันตกรรม),430,น้ำยาหมด,55,2024-05-23,51,2024-07-13
DENTAL (ทันตกรรม),422,น้ำยาหมด,55,2024-05-24,51,2024-07-14
DENTAL (ทันตกรรม),421,น้ำยาหมด,56,2024-05-24,51,2024-07-14
DENTAL (ทันตกรรม),420,น้ำยาหมด,48,2024-05-24,51,2024-07-14
DENTAL (ทันตกรรม),419,น้ำยาหมด,56,2024-05-24,51,2024-07-14
DENTAL (ทันตกรรม),418,น้ำยาหมด,45,2024-05-24,43,2024-07-06
DENTAL (ทันตกรรม),417,น้ำยาหมด,63,2024-05-24,43,2024-07-06
DENTAL (ทันตกรรม),416,น้ำยาหมด,52,2024-05-24,46,2024-07-09
DENTAL (ทันตกรรม),415,น้ำยาหมด,44,2024-05-24,46,2024-07-09
DENTAL (ทันตกรรม),414,น้ำยาหมด,67,2024-05-25,46,2024-07-10
DENTAL (ทันตกรรม),413,น้ำยาหมด,66,2024-05-25,46,2024-07-10
DENTAL (ทันตกรรม),412,น้ำยาหมด,68,2024-05-25,46,2024-07-10
DENTAL (ทันตกรรม),411,น้ำยาหมด,64,2024-05-25,46,2024-07-10
DENTAL (ทันตกรรม),410,น้ำยาหมด,53,2024-05-25,43,2024-07-07
DENTAL (ทันตกรรม),409,น้ำยาหมด,42,2024-05-25,43,2024-07-07
DENTAL (ทันตกรรม),408,น้ำยาหมด,63,2024-05-25,43,2024-07-07
DENTAL (ทันตกรรม),407,น้ำยาหมด,55,2024-05-25,43,2024-07-07
DENTAL (ทันตกรรม),406,น้ำยาหมด,56,2024-05-25,43,2024-07-07
DENTAL (ทันตกรรม),405,น้ำยาหมด,48,2024-05-25,43,2024-07-07
DENTAL (ทันตกรรม),404,น้ำยาหมด,56,2024-05-25,43,2024-07-07
DENTAL (ทันตกรรม),403,น้ำยาหมด,45,2024-05-25,44,2024-07-08
CSSD ,393,น้ำยาหมด,25,2024-05-26,41,2024-07-06
CSSD ,394,น้ำยาหมด,42,2024-05-26,41,2024-07-06
DENTAL (ทันตกรรม),395,น้ำยาหมด,43,2024-05-26,43,2024-07-08
DENTAL (ทันตกรรม),396,น้ำยาหมด,55,2024-05-26,43,2024-07-08
DENTAL (ทันตกรรม),397,น้ำยาหมด,25,2024-05-26,43,2024-07-08
DENTAL (ทันตกรรม),401,น้ำยาหมด,52,2024-05-26,44,2024-07-09
DENTAL (ทันตกรรม),399,น้ำยาหมด,43,2024-05-26,43,2024-07-08
DENTAL (ทันตกรรม),400,น้ำยาหมด,44,2024-05-26,43,2024-07-08
DENTAL (ทันตกรรม),402,น้ำยาหมด,63,2024-05-26,44,2024-07-09
DENTAL (ทันตกรรม),398,น้ำยาหมด,42,2024-05-26,43,2024-07-08
CSSD ,386,น้ำยาหมด,42,2024-05-27,41,2024-07-07
CSSD ,382,น้ำยาหมด,48,2024-05-27,41,2024-07-07
CSSD ,383,น้ำยาหมด,56,2024-05-27,41,2024-07-07
CSSD ,384,น้ำยาหมด,55,2024-05-27,41,2024-07-07
CSSD ,385,น้ำยาหมด,63,2024-05-27,41,2024-07-07
CSSD ,387,น้ำยาหมด,53,2024-05-27,44,2024-07-10
CSSD ,381,น้ำยาหมด,56,2024-05-27,41,2024-07-07
CSSD ,389,น้ำยาหมด,68,2024-05-27,44,2024-07-10
CSSD ,390,น้ำยาหมด,66,2024-05-27,43,2024-07-09
CSSD ,391,น้ำยาหมด,67,2024-05-27,43,2024-07-09
CSSD ,392,น้ำยาหมด,55,2024-05-27,43,2024-07-09
CSSD ,379,น้ำยาหมด,45,2024-05-27,41,2024-07-07
CSSD ,388,น้ำยาหมด,64,2024-05-27,44,2024-07-10
CATH LAB,353,น้ำยาหมด,68,2024-05-28,50,2024-07-17
CATH LAB,354,น้ำยาหมด,66,2024-05-28,50,2024-07-17
CATH LAB,355,น้ำยาหมด,67,2024-05-28,45,2024-07-12
CATH LAB,356,น้ำยาหมด,55,2024-05-28,45,2024-07-12
CSSD ,373,น้ำยาหมด,25,2024-05-28,41,2024-07-08
CSSD ,374,น้ำยาหมด,42,2024-05-28,41,2024-07-08
CSSD ,375,น้ำยาหมด,43,2024-05-28,41,2024-07-08
CSSD ,377,น้ำยาหมด,52,2024-05-28,41,2024-07-08
CSSD ,378,น้ำยาหมด,63,2024-05-28,41,2024-07-08
CSSD ,376,น้ำยาหมด,44,2024-05-28,41,2024-07-08
WARD 6D3,30,แบตเตอร์รี่หมด,145,2024-05-29,143,2024-10-19
CATH LAB,352,น้ำยาหมด,64,2024-05-29,48,2024-07-16
WARD 6D2,29,แบตเตอร์รี่หมด,186,2024-05-29,155,2024-10-31
CATH LAB,335,น้ำยาหมด,28,2024-05-29,37,2024-07-05
CATH LAB,336,น้ำยาหมด,30,2024-05-29,37,2024-07-05
CATH LAB,337,น้ำยาหมด,55,2024-05-29,36,2024-07-04
CATH LAB,338,น้ำยาหมด,25,2024-05-29,36,2024-07-04
CATH LAB,339,น้ำยาหมด,42,2024-05-29,46,2024-07-14
CATH LAB,340,น้ำยาหมด,43,2024-05-29,46,2024-07-14
CATH LAB,341,น้ำยาหมด,44,2024-05-29,45,2024-07-13
CSSD ,375,แบตเตอร์รี่หมด,134,2024-05-29,156,2024-11-01
CATH LAB,344,น้ำยาหมด,45,2024-05-29,44,2024-07-12
CSSD ,377,แบตเตอร์รี่หมด,196,2024-05-29,156,2024-11-01
CATH LAB,351,น้ำยาหมด,53,2024-05-29,48,2024-07-16
CATH LAB,350,น้ำยาหมด,42,2024-05-29,46,2024-07-14
CATH LAB,349,น้ำยาหมด,63,2024-05-29,46,2024-07-14
CSSD ,376,แบตเตอร์รี่หมด,169,2024-05-29,156,2024-11-01
CATH LAB,347,น้ำยาหมด,56,2024-05-29,46,2024-07-14
CATH LAB,346,น้ำยาหมด,48,2024-05-29,44,2024-07-12
CATH LAB,348,น้ำยาหมด,55,2024-05-29,46,2024-07-14
CATH LAB,343,น้ำยาหมด,63,2024-05-29,45,2024-07-13
CATH LAB,342,น้ำยาหมด,52,2024-05-29,45,2024-07-13
CATH LAB,345,น้ำยาหมด,56,2024-05-29,44,2024-07-12
CATH LAB,354,แบตเตอร์รี่หมด,189,2024-05-30,169,2024-11-15
CATH LAB,356,แบตเตอร์รี่หมด,174,2024-05-30,165,2024-11-11
CSSD ,373,แบตเตอร์รี่หมด,199,2024-05-30,164,2024-11-10
WARD 6D5,24,แบตเตอร์รี่หมด,160,2024-05-30,155,2024-11-01
WARD 6D6,25,แบตเตอร์รี่หมด,158,2024-05-30,155,2024-11-01
WARD 6D7,26,แบตเตอร์รี่หมด,102,2024-05-30,114,2024-09-21
WARD 6D8,27,แบตเตอร์รี่หมด,105,2024-05-30,155,2024-11-01
WARD 6D9,28,แบตเตอร์รี่หมด,165,2024-05-30,158,2024-11-04
CSSD ,374,แบตเตอร์รี่หมด,156,2024-05-30,157,2024-11-03
KIDNEY(ศูนย์โรคไต),1475,แบตเตอร์รี่หมด,156,2024-05-30,158,2024-11-04
CATH LAB,355,แบตเตอร์รี่หมด,158,2024-05-30,165,2024-11-11
KIDNEY(ศูนย์โรคไต),1477,แบตเตอร์รี่หมด,153,2024-05-30,158,2024-11-04
CATH LAB,334,น้ำยาหมด,23,2024-05-30,34,2024-07-03
KIDNEY(ศูนย์โรคไต),1476,แบตเตอร์รี่หมด,157,2024-05-30,158,2024-11-04
CATH LAB,323,น้ำยาหมด,35,2024-05-30,35,2024-07-04
CATH LAB,324,น้ำยาหมด,23,2024-05-30,35,2024-07-04
CATH LAB,325,น้ำยาหมด,23,2024-05-30,35,2024-07-04
CATH LAB,327,น้ำยาหมด,30,2024-05-30,35,2024-07-04
CATH LAB,326,น้ำยาหมด,28,2024-05-30,35,2024-07-04
CATH LAB,329,น้ำยาหมด,25,2024-05-30,35,2024-07-04
CATH LAB,330,น้ำยาหมด,33,2024-05-30,35,2024-07-04
CATH LAB,331,น้ำยาหมด,34,2024-05-30,35,2024-07-04
CATH LAB,332,น้ำยาหมด,35,2024-05-30,35,2024-07-04
CATH LAB,333,น้ำยาหมด,23,2024-05-30,35,2024-07-04
CATH LAB,328,น้ำยาหมด,45,2024-05-30,35,2024-07-04
CATH LAB,314,น้ำยาหมด,45,2024-05-31,35,2024-07-05
CATH LAB,310,น้ำยาหมด,29,2024-05-31,35,2024-07-05
CATH LAB,311,น้ำยาหมด,31,2024-05-31,35,2024-07-05
CATH LAB,312,น้ำยาหมด,32,2024-05-31,35,2024-07-05
CATH LAB,315,น้ำยาหมด,25,2024-05-31,35,2024-07-05
CATH LAB,313,น้ำยาหมด,35,2024-05-31,35,2024-07-05
CATH LAB,317,น้ำยาหมด,34,2024-05-31,35,2024-07-05
CATH LAB,318,น้ำยาหมด,35,2024-05-31,35,2024-07-05
CATH LAB,322,น้ำยาหมด,34,2024-05-31,35,2024-07-05
CATH LAB,319,น้ำยาหมด,45,2024-05-31,35,2024-07-05
CATH LAB,320,น้ำยาหมด,25,2024-05-31,35,2024-07-05
CATH LAB,321,น้ำยาหมด,33,2024-05-31,35,2024-07-05
CATH LAB,316,น้ำยาหมด,33,2024-05-31,35,2024-07-05
WARD 8C,297,น้ำยาหมด,34,2024-06-01,33,2024-07-04
WARD 8C,298,น้ำยาหมด,35,2024-06-01,33,2024-07-04
WARD 8C,299,น้ำยาหมด,23,2024-06-01,33,2024-07-04
WARD 8C,300,น้ำยาหมด,23,2024-06-01,33,2024-07-04
WARD 8C,301,น้ำยาหมด,28,2024-06-01,33,2024-07-04
WARD 8C,302,น้ำยาหมด,30,2024-06-01,33,2024-07-04
WARD 8C,303,น้ำยาหมด,40,2024-06-01,33,2024-07-04
WARD 8C,305,น้ำยาหมด,35,2024-06-01,33,2024-07-04
WARD 8C,306,น้ำยาหมด,36,2024-06-01,33,2024-07-04
WARD 8C,307,น้ำยาหมด,40,2024-06-01,33,2024-07-04
CATH LAB,308,น้ำยาหมด,25,2024-06-01,35,2024-07-06
CATH LAB,309,น้ำยาหมด,36,2024-06-01,35,2024-07-06
WARD 8C,304,น้ำยาหมด,25,2024-06-01,33,2024-07-04
WARD 8C,288,น้ำยาหมด,25,2024-06-02,33,2024-07-05
WARD 8C,285,น้ำยาหมด,35,2024-06-02,33,2024-07-05
WARD 8C,286,น้ำยาหมด,36,2024-06-02,33,2024-07-05
WARD 8C,287,น้ำยาหมด,40,2024-06-02,33,2024-07-05
WARD 8C,289,น้ำยาหมด,36,2024-06-02,33,2024-07-05
WARD 8C,284,น้ำยาหมด,25,2024-06-02,33,2024-07-05
WARD 8C,291,น้ำยาหมด,31,2024-06-02,33,2024-07-05
WARD 8C,292,น้ำยาหมด,32,2024-06-02,33,2024-07-05
WARD 8C,293,น้ำยาหมด,35,2024-06-02,33,2024-07-05
WARD 8C,294,น้ำยาหมด,45,2024-06-02,33,2024-07-05
WARD 8C,295,น้ำยาหมด,25,2024-06-02,33,2024-07-05
WARD 8C,296,น้ำยาหมด,33,2024-06-02,33,2024-07-05
WARD 8C,290,น้ำยาหมด,29,2024-06-02,33,2024-07-05
WARD 8C,273,น้ำยาหมด,32,2024-06-03,33,2024-07-06
WARD 8C,274,น้ำยาหมด,35,2024-06-03,33,2024-07-06
WARD 8C,275,น้ำยาหมด,45,2024-06-03,33,2024-07-06
WARD 8C,276,น้ำยาหมด,25,2024-06-03,33,2024-07-06
WARD 8C,277,น้ำยาหมด,33,2024-06-03,33,2024-07-06
WARD 8C,278,น้ำยาหมด,34,2024-06-03,33,2024-07-06
WARD 8C,279,น้ำยาหมด,35,2024-06-03,33,2024-07-06
WARD 8C,280,น้ำยาหมด,23,2024-06-03,33,2024-07-06
WARD 8C,281,น้ำยาหมด,28,2024-06-03,33,2024-07-06
WARD 8C,282,น้ำยาหมด,30,2024-06-03,33,2024-07-06
WARD 8C,283,น้ำยาหมด,40,2024-06-03,33,2024-07-06
WARD 8C,262,น้ำยาหมด,28,2024-06-04,33,2024-07-07
WARD 8C,263,น้ำยาหมด,30,2024-06-04,33,2024-07-07
WARD 8C,264,น้ำยาหมด,40,2024-06-04,33,2024-07-07
WARD 8C,265,น้ำยาหมด,25,2024-06-04,33,2024-07-07
WARD 8C,266,น้ำยาหมด,35,2024-06-04,33,2024-07-07
WARD 8C,261,น้ำยาหมด,23,2024-06-04,33,2024-07-07
WARD 8C,268,น้ำยาหมด,40,2024-06-04,33,2024-07-07
WARD 8C,269,น้ำยาหมด,25,2024-06-04,33,2024-07-07
WARD 8C,270,น้ำยาหมด,36,2024-06-04,33,2024-07-07
WARD 8C,271,น้ำยาหมด,29,2024-06-04,33,2024-07-07
WARD 8C,272,น้ำยาหมด,31,2024-06-04,33,2024-07-07
WARD 8C,267,น้ำยาหมด,36,2024-06-04,33,2024-07-07
WARD 8C,260,น้ำยาหมด,35,2024-06-05,33,2024-07-08
WARD 8C,259,น้ำยาหมด,34,2024-06-05,33,2024-07-08
WARD 8C,258,น้ำยาหมด,33,2024-06-05,33,2024-07-08
WARD 8C,257,น้ำยาหมด,25,2024-06-05,33,2024-07-08
WARD 8C,256,น้ำยาหมด,45,2024-06-05,33,2024-07-08
WARD 8C,255,น้ำยาหมด,35,2024-06-05,33,2024-07-08
WARD 7D1,246,น้ำยาหมด,25,2024-06-06,33,2024-07-09
WARD 8C,247,น้ำยาหมด,35,2024-06-06,33,2024-07-09
WARD 8C,248,น้ำยาหมด,36,2024-06-06,33,2024-07-09
WARD 8C,249,น้ำยาหมด,40,2024-06-06,33,2024-07-09
WARD 8C,251,น้ำยาหมด,36,2024-06-06,33,2024-07-09
WARD 8C,252,น้ำยาหมด,29,2024-06-06,33,2024-07-09
WARD 8C,253,น้ำยาหมด,31,2024-06-06,33,2024-07-09
WARD 8C,254,น้ำยาหมด,32,2024-06-06,33,2024-07-09
WARD 8C,250,น้ำยาหมด,25,2024-06-06,33,2024-07-09
WARD 7D1,240,น้ำยาหมด,34,2024-06-07,32,2024-07-09
WARD 7D1,242,น้ำยาหมด,23,2024-06-07,32,2024-07-09
WARD 7D1,241,น้ำยาหมด,35,2024-06-07,32,2024-07-09
WARD 7D1,244,น้ำยาหมด,30,2024-06-07,33,2024-07-10
WARD 7D1,245,น้ำยาหมด,40,2024-06-07,33,2024-07-10
WARD 7D1,243,น้ำยาหมด,28,2024-06-07,33,2024-07-10
WARD 7D1,230,น้ำยาหมด,40,2024-06-08,33,2024-07-11
WARD 7D1,226,น้ำยาหมด,40,2024-06-08,33,2024-07-11
WARD 7D1,227,น้ำยาหมด,25,2024-06-08,33,2024-07-11
WARD 7D1,228,น้ำยาหมด,35,2024-06-08,33,2024-07-11
WARD 7D1,229,น้ำยาหมด,36,2024-06-08,33,2024-07-11
WARD 7D1,231,น้ำยาหมด,25,2024-06-08,33,2024-07-11
WARD 7D1,239,น้ำยาหมด,33,2024-06-08,32,2024-07-10
WARD 7D1,233,น้ำยาหมด,29,2024-06-08,33,2024-07-11
WARD 7D1,238,น้ำยาหมด,25,2024-06-08,32,2024-07-10
WARD 7D1,237,น้ำยาหมด,45,2024-06-08,34,2024-07-12
WARD 7D1,232,น้ำยาหมด,36,2024-06-08,33,2024-07-11
WARD 7D1,235,น้ำยาหมด,32,2024-06-08,33,2024-07-11
WARD 7D1,234,น้ำยาหมด,31,2024-06-08,33,2024-07-11
WARD 7D1,236,น้ำยาหมด,35,2024-06-08,33,2024-07-11
WARD 7D1,225,น้ำยาหมด,30,2024-06-09,33,2024-07-12
WARD 7D1,224,น้ำยาหมด,28,2024-06-09,33,2024-07-12
WARD 7D1,223,น้ำยาหมด,23,2024-06-09,33,2024-07-12
WARD 7D1,221,น้ำยาหมด,34,2024-06-09,33,2024-07-12
WARD 7D1,220,น้ำยาหมด,33,2024-06-09,33,2024-07-12
WARD 7D1,222,น้ำยาหมด,35,2024-06-09,33,2024-07-12
WARD 7C,207,น้ำยาหมด,40,2024-06-10,33,2024-07-13
WARD 7C,213,น้ำยาหมด,36,2024-06-10,33,2024-07-13
WARD 7C,212,น้ำยาหมด,25,2024-06-10,33,2024-07-13
WARD 7C,211,น้ำยาหมด,40,2024-06-10,33,2024-07-13
WARD 7C,210,น้ำยาหมด,36,2024-06-10,33,2024-07-13
WARD 7C,209,น้ำยาหมด,35,2024-06-10,33,2024-07-13
WARD 7C,208,น้ำยาหมด,25,2024-06-10,33,2024-07-13
WARD 7C,200,น้ำยาหมด,25,2024-06-10,33,2024-07-13
WARD 7C,204,น้ำยาหมด,23,2024-06-10,33,2024-07-13
WARD 7C,203,น้ำยาหมด,35,2024-06-10,33,2024-07-13
WARD 7C,202,น้ำยาหมด,34,2024-06-10,33,2024-07-13
WARD 7C,201,น้ำยาหมด,33,2024-06-10,33,2024-07-13
WARD 7C,214,น้ำยาหมด,29,2024-06-10,33,2024-07-13
WARD 7C,199,น้ำยาหมด,45,2024-06-10,33,2024-07-13
WARD 7C,198,น้ำยาหมด,35,2024-06-10,33,2024-07-13
WARD 7C,197,น้ำยาหมด,32,2024-06-10,33,2024-07-13
WARD 7C,205,น้ำยาหมด,28,2024-06-10,33,2024-07-13
WARD 7C,215,น้ำยาหมด,31,2024-06-10,33,2024-07-13
WARD 7C,206,น้ำยาหมด,30,2024-06-10,33,2024-07-13
WARD 7C,216,น้ำยาหมด,32,2024-06-10,33,2024-07-13
WARD 7C,218,น้ำยาหมด,45,2024-06-10,33,2024-07-13
WARD 7C,219,น้ำยาหมด,25,2024-06-10,33,2024-07-13
WARD 7C,217,น้ำยาหมด,35,2024-06-10,33,2024-07-13
WARD 7C,196,น้ำยาหมด,31,2024-06-11,33,2024-07-14
WARD 7C,195,น้ำยาหมด,29,2024-06-11,33,2024-07-14
WARD 7C,194,น้ำยาหมด,36,2024-06-11,33,2024-07-14
WARD 7C,193,น้ำยาหมด,25,2024-06-11,33,2024-07-14
WARD 7C,192,น้ำยาหมด,40,2024-06-11,33,2024-07-14
WARD 7C,191,น้ำยาหมด,36,2024-06-11,33,2024-07-14
WARD 7C,189,น้ำยาหมด,25,2024-06-11,33,2024-07-14
WARD 7C,188,น้ำยาหมด,40,2024-06-11,33,2024-07-14
WARD 7C,187,น้ำยาหมด,30,2024-06-11,33,2024-07-14
WARD 7C,186,น้ำยาหมด,28,2024-06-11,33,2024-07-14
WARD 7C,185,น้ำยาหมด,23,2024-06-11,33,2024-07-14
WARD 7C,184,น้ำยาหมด,35,2024-06-11,33,2024-07-14
WARD 7C,181,น้ำยาหมด,25,2024-06-11,33,2024-07-14
WARD 7C,183,น้ำยาหมด,34,2024-06-11,33,2024-07-14
WARD 7C,190,น้ำยาหมด,35,2024-06-11,33,2024-07-14
WARD 7C,182,น้ำยาหมด,33,2024-06-11,33,2024-07-14
WARD 7B,167,น้ำยาหมด,28,2024-06-12,34,2024-07-16
WARD 7B,168,น้ำยาหมด,30,2024-06-12,34,2024-07-16
WARD 7B,169,น้ำยาหมด,40,2024-06-12,34,2024-07-16
WARD 7B,170,น้ำยาหมด,25,2024-06-12,34,2024-07-16
WARD 7C,180,น้ำยาหมด,45,2024-06-12,34,2024-07-16
WARD 7B,172,น้ำยาหมด,36,2024-06-12,34,2024-07-16
WARD 7C,179,น้ำยาหมด,35,2024-06-12,34,2024-07-16
WARD 7C,174,น้ำยาหมด,25,2024-06-12,34,2024-07-16
WARD 7C,175,น้ำยาหมด,36,2024-06-12,34,2024-07-16
WARD 7C,176,น้ำยาหมด,29,2024-06-12,34,2024-07-16
WARD 7C,177,น้ำยาหมด,31,2024-06-12,34,2024-07-16
WARD 7C,178,น้ำยาหมด,32,2024-06-12,34,2024-07-16
WARD 7B,173,น้ำยาหมด,40,2024-06-12,34,2024-07-16
WARD 7B,171,น้ำยาหมด,35,2024-06-12,34,2024-07-16
WARD 7B,166,น้ำยาหมด,23,2024-06-13,34,2024-07-17
WARD 7B,165,น้ำยาหมด,35,2024-06-13,34,2024-07-17
WARD 7B,164,น้ำยาหมด,34,2024-06-13,34,2024-07-17
WARD 7B,159,น้ำยาหมด,32,2024-06-13,34,2024-07-17
WARD 7B,163,น้ำยาหมด,33,2024-06-13,34,2024-07-17
WARD 7B,160,น้ำยาหมด,35,2024-06-13,34,2024-07-17
WARD 7B,161,น้ำยาหมด,45,2024-06-13,34,2024-07-17
WARD 7B,157,น้ำยาหมด,29,2024-06-13,34,2024-07-17
WARD 7B,156,น้ำยาหมด,36,2024-06-13,34,2024-07-17
WARD 7B,155,น้ำยาหมด,25,2024-06-13,34,2024-07-17
WARD 7B,154,น้ำยาหมด,40,2024-06-13,34,2024-07-17
WARD 7B,153,น้ำยาหมด,36,2024-06-13,34,2024-07-17
WARD 7B,158,น้ำยาหมด,31,2024-06-13,34,2024-07-17
WARD 7B,162,น้ำยาหมด,25,2024-06-13,34,2024-07-17
WARD 7B,150,น้ำยาหมด,40,2024-06-14,34,2024-07-18
WARD 7B,149,น้ำยาหมด,30,2024-06-14,34,2024-07-18
WARD 7B,148,น้ำยาหมด,28,2024-06-14,34,2024-07-18
WARD 7B,147,น้ำยาหมด,23,2024-06-14,34,2024-07-18
WARD 7B,146,น้ำยาหมด,35,2024-06-14,34,2024-07-18
WARD 7B,145,น้ำยาหมด,34,2024-06-14,34,2024-07-18
WARD 7B,144,น้ำยาหมด,33,2024-06-14,34,2024-07-18
WARD 7B,151,น้ำยาหมด,25,2024-06-14,34,2024-07-18
WARD 7B,152,น้ำยาหมด,35,2024-06-14,34,2024-07-18
WARD 7B,143,น้ำยาหมด,25,2024-06-14,34,2024-07-18
WARD 7B,134,น้ำยาหมด,36,2024-06-15,34,2024-07-19
WARD 7B,130,น้ำยาหมด,30,2024-06-15,34,2024-07-19
WARD 7B,131,น้ำยาหมด,40,2024-06-15,34,2024-07-19
WARD 7B,132,น้ำยาหมด,25,2024-06-15,34,2024-07-19
WARD 7B,133,น้ำยาหมด,35,2024-06-15,34,2024-07-19
WARD 7B,135,น้ำยาหมด,40,2024-06-15,34,2024-07-19
WARD 7B,136,น้ำยาหมด,25,2024-06-15,34,2024-07-19
WARD 7B,137,น้ำยาหมด,36,2024-06-15,34,2024-07-19
WARD 7B,138,น้ำยาหมด,29,2024-06-15,34,2024-07-19
WARD 7B,139,น้ำยาหมด,31,2024-06-15,34,2024-07-19
WARD 7B,140,น้ำยาหมด,32,2024-06-15,34,2024-07-19
WARD 7B,141,น้ำยาหมด,35,2024-06-15,34,2024-07-19
WARD 7B,142,น้ำยาหมด,45,2024-06-15,34,2024-07-19
WARD 7B,127,น้ำยาหมด,35,2024-06-16,34,2024-07-20
WARD 7B,126,น้ำยาหมด,34,2024-06-16,34,2024-07-20
WARD 7B,129,น้ำยาหมด,28,2024-06-16,34,2024-07-20
WARD 7B,125,น้ำยาหมด,33,2024-06-16,34,2024-07-20
WARD 7B,123,น้ำยาหมด,45,2024-06-16,34,2024-07-20
WARD 7B,122,น้ำยาหมด,35,2024-06-16,34,2024-07-20
WARD 7B,121,น้ำยาหมด,32,2024-06-16,34,2024-07-20
WARD 7B,124,น้ำยาหมด,25,2024-06-16,34,2024-07-20
WARD 7B,128,น้ำยาหมด,23,2024-06-16,34,2024-07-20
ICU5,120,น้ำยาหมด,31,2024-06-17,34,2024-07-21
ICU5,119,น้ำยาหมด,29,2024-06-17,34,2024-07-21
ICU5,118,น้ำยาหมด,36,2024-06-17,34,2024-07-21
ICU5,117,น้ำยาหมด,25,2024-06-17,34,2024-07-21
ICU5,116,น้ำยาหมด,40,2024-06-17,34,2024-07-21
ICU5,115,น้ำยาหมด,36,2024-06-17,34,2024-07-21
ICU4,114,น้ำยาหมด,35,2024-06-17,35,2024-07-22
ICU4,113,น้ำยาหมด,25,2024-06-17,35,2024-07-22
ICU4,112,น้ำยาหมด,40,2024-06-17,40,2024-07-27
ICU4,111,น้ำยาหมด,30,2024-06-17,40,2024-07-27
ICU2,104,น้ำยาหมด,45,2024-06-18,40,2024-07-28
WARD 6D2,21,แบตเตอร์รี่หมด,169,2024-06-18,155,2024-11-20
CATH LAB,353,แบตเตอร์รี่หมด,180,2024-06-18,169,2024-12-04
CATH LAB,352,แบตเตอร์รี่หมด,150,2024-06-18,168,2024-12-03
CATH LAB,351,แบตเตอร์รี่หมด,130,2024-06-18,168,2024-12-03
CATH LAB,350,แบตเตอร์รี่หมด,169,2024-06-18,165,2024-11-30
CATH LAB,349,แบตเตอร์รี่หมด,153,2024-06-18,156,2024-11-21
CATH LAB,348,แบตเตอร์รี่หมด,157,2024-06-18,156,2024-11-21
CATH LAB,347,แบตเตอร์รี่หมด,156,2024-06-18,156,2024-11-21
CATH LAB,346,แบตเตอร์รี่หมด,146,2024-06-18,155,2024-11-20
PAIN CLINIC(ระงับปวด),96,น้ำยาหมด,36,2024-06-18,35,2024-07-23
PAIN CLINIC(ระงับปวด),97,น้ำยาหมด,40,2024-06-18,34,2024-07-22
ICU1,98,น้ำยาหมด,25,2024-06-18,34,2024-07-22
ICU1,99,น้ำยาหมด,36,2024-06-18,34,2024-07-22
PAIN CLINIC(ระงับปวด),95,น้ำยาหมด,35,2024-06-18,35,2024-07-23
WARD 6B,17,แบตเตอร์รี่หมด,146,2024-06-18,154,2024-11-19
WARD 6B,18,แบตเตอร์รี่หมด,156,2024-06-18,155,2024-11-20
WARD 6B,19,แบตเตอร์รี่หมด,157,2024-06-18,155,2024-11-20
WARD 6D1,20,แบตเตอร์รี่หมด,153,2024-06-18,162,2024-11-27
KIDNEY(ศูนย์โรคไต),1474,แบตเตอร์รี่หมด,169,2024-06-18,158,2024-11-23
WARD 6D3,22,แบตเตอร์รี่หมด,160,2024-06-18,138,2024-11-03
OR HEART(ผ่าตัดหัวใจ),80,น้ำยาหมด,36,2024-06-19,33,2024-07-22
OR HEART(ผ่าตัดหัวใจ),81,น้ำยาหมด,29,2024-06-19,33,2024-07-22
OR HEART(ผ่าตัดหัวใจ),82,น้ำยาหมด,31,2024-06-19,33,2024-07-22
PAIN CLINIC(ระงับปวด),94,น้ำยาหมด,25,2024-06-19,35,2024-07-24
ORTHOPEDIC(กระดูกและข้อ),92,น้ำยาหมด,30,2024-06-19,32,2024-07-21
ORTHOPEDIC(กระดูกและข้อ),91,น้ำยาหมด,28,2024-06-19,38,2024-07-27
ORTHOPEDIC(กระดูกและข้อ),90,น้ำยาหมด,23,2024-06-19,37,2024-07-26
ORTHOPEDIC(กระดูกและข้อ),93,น้ำยาหมด,40,2024-06-19,32,2024-07-21
ORTHOPEDIC(กระดูกและข้อ),89,น้ำยาหมด,35,2024-06-19,37,2024-07-26
OR 3D (ห้องผ่าตัด),67,น้ำยาหมด,25,2024-06-21,35,2024-07-26
OR 3D (ห้องผ่าตัด),65,น้ำยาหมด,35,2024-06-21,35,2024-07-26
OR 3D (ห้องผ่าตัด),64,น้ำยาหมด,32,2024-06-21,35,2024-07-26
OR 3D (ห้องผ่าตัด),63,น้ำยาหมด,31,2024-06-21,35,2024-07-26
OR 3D (ห้องผ่าตัด),62,น้ำยาหมด,29,2024-06-21,35,2024-07-26
OR 3D (ห้องผ่าตัด),68,น้ำยาหมด,33,2024-06-21,35,2024-07-26
OR 3D (ห้องผ่าตัด),69,น้ำยาหมด,34,2024-06-21,35,2024-07-26
OR HEART(ผ่าตัดหัวใจ),70,น้ำยาหมด,35,2024-06-21,33,2024-07-24
OR 3D (ห้องผ่าตัด),58,น้ำยาหมด,36,2024-06-21,37,2024-07-28
OPD เด็ก,49,น้ำยาหมด,33,2024-06-22,33,2024-07-25
OR 3D (ห้องผ่าตัด),57,น้ำยาหมด,35,2024-06-22,37,2024-07-29
OPD เด็ก,56,น้ำยาหมด,25,2024-06-22,33,2024-07-25
OPD เด็ก,55,น้ำยาหมด,40,2024-06-22,33,2024-07-25
OPD เด็ก,54,น้ำยาหมด,30,2024-06-22,33,2024-07-25
OPD เด็ก,53,น้ำยาหมด,28,2024-06-22,33,2024-07-25
OPD เด็ก,51,น้ำยาหมด,35,2024-06-22,33,2024-07-25
OPD เด็ก,52,น้ำยาหมด,23,2024-06-22,33,2024-07-25
OPD เด็ก,50,น้ำยาหมด,34,2024-06-22,33,2024-07-25
WARD 6H,40,น้ำยาหมด,40,2024-06-23,33,2024-07-26
WARD 6H,42,น้ำยาหมด,36,2024-06-23,33,2024-07-26
OPD เด็ก,48,น้ำยาหมด,25,2024-06-23,33,2024-07-26
OPD เด็ก,47,น้ำยาหมด,45,2024-06-23,33,2024-07-26
WARD 6H,46,น้ำยาหมด,35,2024-06-23,33,2024-07-26
WARD 6H,45,น้ำยาหมด,32,2024-06-23,33,2024-07-26
WARD 6H,41,น้ำยาหมด,25,2024-06-23,33,2024-07-26
WARD 6H,44,น้ำยาหมด,31,2024-06-23,33,2024-07-26
WARD 6H,39,น้ำยาหมด,36,2024-06-23,33,2024-07-26
WARD 6H,43,น้ำยาหมด,29,2024-06-23,33,2024-07-26
WARD 6D3,30,น้ำยาหมด,35,2024-06-24,33,2024-07-27
WARD 6H,38,น้ำยาหมด,35,2024-06-24,33,2024-07-27
WARD 6H,37,น้ำยาหมด,25,2024-06-24,33,2024-07-27
WARD 6D9,36,น้ำยาหมด,40,2024-06-24,35,2024-07-29
WARD 6D2,29,น้ำยาหมด,32,2024-06-25,33,2024-07-28
WARD 6D9,28,น้ำยาหมด,31,2024-06-25,35,2024-07-30
WARD 6D8,27,น้ำยาหมด,29,2024-06-25,33,2024-07-28
WARD 6D7,26,น้ำยาหมด,36,2024-06-25,32,2024-07-27
WARD 6B,17,น้ำยาหมด,28,2024-06-25,31,2024-07-26
WARD 6D3,22,น้ำยาหมด,36,2024-06-25,33,2024-07-28
WARD 6D6,25,น้ำยาหมด,25,2024-06-25,33,2024-07-28
WARD 6D5,24,น้ำยาหมด,40,2024-06-25,33,2024-07-28
WARD 6B,18,น้ำยาหมด,30,2024-06-25,32,2024-07-27
WARD 6B,19,น้ำยาหมด,40,2024-06-25,33,2024-07-28
WARD 6D1,20,น้ำยาหมด,25,2024-06-25,33,2024-07-28
WARD 6D2,21,น้ำยาหมด,35,2024-06-25,33,2024-07-28
OR HEART(ผ่าตัดหัวใจ),76,น้ำยาหมด,36,2024-06-26,34,2024-07-30
OR HEART(ผ่าตัดหัวใจ),75,น้ำยาหมด,35,2024-06-26,33,2024-07-29
OR HEART(ผ่าตัดหัวใจ),74,น้ำยาหมด,25,2024-06-26,33,2024-07-29
OR HEART(ผ่าตัดหัวใจ),73,น้ำยาหมด,40,2024-06-26,33,2024-07-29
OR HEART(ผ่าตัดหัวใจ),72,น้ำยาหมด,30,2024-06-26,33,2024-07-29
CATH LAB,345,แบตเตอร์รี่หมด,125,2024-06-26,155,2024-11-28
OR HEART(ผ่าตัดหัวใจ),79,น้ำยาหมด,36,2024-06-26,33,2024-07-29
CATH LAB,344,แบตเตอร์รี่หมด,125,2024-06-26,155,2024-11-28
OR HEART(ผ่าตัดหัวใจ),79,แบตเตอร์รี่หมด,134,2024-06-26,159,2024-12-02
CATH LAB,343,แบตเตอร์รี่หมด,196,2024-06-26,156,2024-11-29
CATH LAB,342,แบตเตอร์รี่หมด,169,2024-06-26,156,2024-11-29
OR HEART(ผ่าตัดหัวใจ),78,แบตเตอร์รี่หมด,156,2024-06-26,162,2024-12-05
DENTAL (ทันตกรรม),416,แบตเตอร์รี่หมด,153,2024-06-27,154,2024-11-28
DENTAL (ทันตกรรม),417,แบตเตอร์รี่หมด,169,2024-06-27,154,2024-11-28
KIDNEY(ศูนย์โรคไต),1458,แบตเตอร์รี่หมด,150,2024-06-27,158,2024-12-02
KIDNEY(ศูนย์โรคไต),1459,แบตเตอร์รี่หมด,180,2024-06-27,158,2024-12-02
ICU3,106,น้ำยาหมด,53,2024-06-27,42,2024-08-08
ICU3,107,น้ำยาหมด,64,2024-06-27,44,2024-08-10
ICU3,108,น้ำยาหมด,68,2024-06-27,44,2024-08-10
ICU4,110,น้ำยาหมด,67,2024-06-27,46,2024-08-12
ICU3,109,น้ำยาหมด,69,2024-06-27,45,2024-08-11
ICU3,105,น้ำยาหมด,42,2024-06-27,42,2024-08-08
OR HEART(ผ่าตัดหัวใจ),72,แบตเตอร์รี่หมด,150,2024-06-27,155,2024-11-29
CATH LAB,341,แบตเตอร์รี่หมด,134,2024-06-27,156,2024-11-30
CATH LAB,340,แบตเตอร์รี่หมด,156,2024-06-27,166,2024-12-10
CATH LAB,339,แบตเตอร์รี่หมด,199,2024-06-27,166,2024-12-10
CATH LAB,338,แบตเตอร์รี่หมด,174,2024-06-27,166,2024-12-10
CATH LAB,337,แบตเตอร์รี่หมด,158,2024-06-27,166,2024-12-10
CATH LAB,336,แบตเตอร์รี่หมด,189,2024-06-27,167,2024-12-11
CATH LAB,335,แบตเตอร์รี่หมด,180,2024-06-27,167,2024-12-11
OR HEART(ผ่าตัดหัวใจ),71,แบตเตอร์รี่หมด,130,2024-06-27,155,2024-11-29
OR HEART(ผ่าตัดหัวใจ),71,น้ำยาหมด,28,2024-06-27,33,2024-07-30
OR HEART(ผ่าตัดหัวใจ),73,แบตเตอร์รี่หมด,180,2024-06-27,155,2024-11-29
OR HEART(ผ่าตัดหัวใจ),74,แบตเตอร์รี่หมด,189,2024-06-27,155,2024-11-29
OR HEART(ผ่าตัดหัวใจ),75,แบตเตอร์รี่หมด,158,2024-06-27,157,2024-12-01
OR HEART(ผ่าตัดหัวใจ),76,แบตเตอร์รี่หมด,174,2024-06-27,162,2024-12-06
OR HEART(ผ่าตัดหัวใจ),77,แบตเตอร์รี่หมด,199,2024-06-27,162,2024-12-06
ORTHOPEDIC(กระดูกและข้อ),85,น้ำยาหมด,25,2024-06-28,37,2024-08-04
ORTHOPEDIC(กระดูกและข้อ),84,น้ำยาหมด,50,2024-06-28,37,2024-08-04
ORTHOPEDIC(กระดูกและข้อ),86,น้ำยาหมด,42,2024-06-28,37,2024-08-04
ORTHOPEDIC(กระดูกและข้อ),88,น้ำยาหมด,52,2024-06-28,37,2024-08-04
ICU2,103,น้ำยาหมด,63,2024-06-28,39,2024-08-06
ICU1,100,น้ำยาหมด,48,2024-06-28,36,2024-08-03
ICU2,101,น้ำยาหมด,56,2024-06-28,37,2024-08-04
ICU2,102,น้ำยาหมด,55,2024-06-28,39,2024-08-06
ORTHOPEDIC(กระดูกและข้อ),87,น้ำยาหมด,43,2024-06-28,37,2024-08-04
WARD 6D8,35,น้ำยาหมด,40,2024-06-29,33,2024-08-01
WARD 6B,15,น้ำยาหมด,32,2024-06-29,32,2024-07-31
OR 3D (ห้องผ่าตัด),59,น้ำยาหมด,35,2024-06-29,37,2024-08-05
OR 3D (ห้องผ่าตัด),61,น้ำยาหมด,25,2024-06-29,35,2024-08-03
OR HEART(ผ่าตัดหัวใจ),77,น้ำยาหมด,34,2024-06-29,34,2024-08-02
OR HEART(ผ่าตัดหัวใจ),78,น้ำยาหมด,35,2024-06-29,33,2024-08-01
OR 3D (ห้องผ่าตัด),66,น้ำยาหมด,40,2024-06-29,35,2024-08-03
ORTHOPEDIC(กระดูกและข้อ),83,น้ำยาหมด,45,2024-06-29,37,2024-08-05
OR 3D (ห้องผ่าตัด),60,น้ำยาหมด,45,2024-06-29,35,2024-08-03
WARD 6D7,34,น้ำยาหมด,36,2024-06-30,33,2024-08-02
WARD 6D6,33,น้ำยาหมด,35,2024-06-30,33,2024-08-02
WARD 5C,3,น้ำยาหมด,28,2024-06-30,32,2024-08-01
WARD 5C,2,น้ำยาหมด,23,2024-06-30,32,2024-08-01
